{"full_flugg_evt_rate": [12.020452071799468, 19.005224832729475, 16.723579888915296, 11.906085310091708, 10.031389128547437, 6.248087464347151, 2.768217339305246], "flugg_bkgd_rate": [3.335577843650407, 4.134532830607422, 2.6483264071086596, 2.1952126270300214, 1.9953389436580389, 2.0861802738553332, 0.8757679586763282], "genie_bkgd_rate": [3.694934343400397, 3.95531709478195, 2.6492372404752556, 2.2518334777941122, 2.2123190964481765, 1.677694263982808, 1.28223755032862]}