{"fhc_generated": [66.45961533112104, 82.32608532087717, 85.92676585394148, 69.05712287332324, 65.87310508688608, 45.46129583903894, 30.320258699531735], "rhc_generated": [135.62349538367047, 163.1624683904474, 162.4926993818794, 124.53311914364292, 133.8083970334293, 109.40036154909205, 97.46266718998697], "generated": [202.08311071479153, 245.48855371132458, 248.41946523582087, 193.59024201696616, 199.68150212031537, 154.861657388131, 127.78292588951871]}