{"full_flugg_evt_rate": [21.242040923428146, 30.123526084806272, 25.0209377670282, 18.96741444839255, 18.059766003211898, 11.17925284864045, 7.716944378158156], "flugg_bkgd_rate": [5.9995389063863245, 6.710101558378737, 5.01017131773655, 3.5313260480486646, 3.576961916171094, 2.879106963707633, 2.12291381242765], "genie_bkgd_rate": [6.800204080875659, 7.80433881564524, 5.478655061311395, 4.328127106932278, 4.030177432253017, 3.8754888545974406, 3.3658405014030732]}