{"full_flugg_evt_rate": [22.985063982656612, 32.24553969420842, 26.382441612696663, 19.811349238143293, 18.723734062551305, 11.68490050902736, 7.401887823966973], "flugg_bkgd_rate": [6.3556894500986, 7.125421952806089, 5.302113393617435, 3.9198212445827054, 3.7766698010241035, 3.068471509463977, 2.141959287185983], "genie_bkgd_rate": [6.800204080875659, 7.80433881564524, 5.478655061311395, 4.328127106932278, 4.030177432253017, 3.8754888545974406, 3.3658405014030732]}