{"LYRayleigh": [0.7232010932859257, 1.3105983981621327, 1.2285415188044433, 1.698704775689499, 0.9451611828215416, 0.0, 1.099808942662012, 0.9377411133079381, 0.3855828151620626, 0.0], "LYRayleigh_intrinsic": [3.674861994461493, 7.036681659453572, 7.84795550900451, 7.671196409816471, 6.8099650618087395, 7.413147372379605, 7.109413989683873, 7.317853815936608, 7.400277481272219, 2.793135109836001], "LYRayleigh_total": [4.398063087747419, 8.347280057615706, 9.076497027808953, 9.36990118550597, 7.755126244630281, 7.413147372379605, 8.209222932345885, 8.255594929244547, 7.785860296434282, 2.793135109836001], "LYDown": [0.7393787627445004, 1.339915869990154, 1.256023416705136, 1.6545634950285115, 0.9663039954399366, 0.0, 1.024393075522891, 0.9587179424494465, 0.3942081219965097, 0.0], "LYDown_intrinsic": [4.069968231730414, 7.589620674086277, 8.052665942722143, 8.090300641762688, 7.075415383098246, 7.389389217341218, 7.273921413185647, 7.706339788370059, 8.042242311311405, 2.870323554976949], "LYDown_total": [4.8093469944749145, 8.92953654407643, 9.30868935942728, 9.7448641367912, 8.041719378538183, 7.389389217341218, 8.298314488708538, 8.665057730819505, 8.436450433307915, 2.870323554976949], "SCE": [0.7709436630916708, 1.0843210434627646, 0.5781491516933062, 1.0813080835511584, 1.2533318374100162, 1.1836182609928043, 0.27790556757905005, 0.7981534945962796, 1.0618641642747573, 0.19212285496331027], "SCE_intrinsic": [3.64050853672434, 7.270616313074369, 7.790744659058648, 7.581183166789483, 7.097870624890543, 7.133237228072225, 7.463998544599669, 8.228504669520625, 7.50307708365311, 2.901322191099908], "SCE_total": [4.411452199816011, 8.354937356537134, 8.368893810751954, 8.662491250340642, 8.35120246230056, 8.31685548906503, 7.741904112178719, 9.026658164116904, 8.564941247927868, 3.093445046063218], "Recomb2": [0.6309034478555177, 1.1155829112815452, 0.5344212180445111, 1.9834652336855751, 1.0274499015816394, 0.2674160360078419, 0.2833786373565701, 0.9662177332949478, 0.5836178265662797, 0.42776086531251334], "Recomb2_intrinsic": [3.861284712476961, 7.621287198967977, 7.833042422729315, 8.01073474038624, 7.6097949769983835, 7.477655438966195, 7.028601491893092, 7.523281632093898, 7.865084297998891, 3.1133063946081876], "Recomb2_total": [4.4921881603324785, 8.736870110249523, 8.367463640773826, 9.994199974071815, 8.637244878580024, 7.745071474974037, 7.311980129249662, 8.489499365388845, 8.44870212456517, 3.541067259920701], "WireModX": [0.0, 3.6930426768948337, 0.7619794894938048, 2.452724485682176, 0.9764169468410584, 0.5303136016215406, 0.8637788660369008, 0.6364533004409054, 0.546272153474531, 0.0], "WireModX_intrinsic": [3.4237679952707802, 7.282789383901236, 7.719874770077125, 7.455789633860011, 7.111005692410252, 7.285551832039303, 7.3035942869251755, 7.132833232349753, 7.816769380517748, 2.8307182770379526], "WireModX_total": [3.4237679952707802, 10.975832060796069, 8.48185425957093, 9.908514119542186, 8.087422639251312, 7.815865433660844, 8.167373152962076, 7.769286532790659, 8.363041533992279, 2.8307182770379526], "WireModYZ": [0.17488878012589806, 1.3913273874648504, 1.1993196025783563, 1.9538830362351347, 0.8123198754598784, 0.0, 1.4540370607148176, 1.0553404839192062, 0.7513524906089586, 0.0], "WireModYZ_intrinsic": [3.6347206932198266, 7.0179793664374195, 8.173308471553767, 7.239809214430597, 7.051178145832999, 7.294805631924163, 7.322067322010547, 7.453694626880768, 7.372987263491503, 2.8557973780835226], "WireModYZ_total": [3.809609473345725, 8.40930675390227, 9.372628074132123, 9.193692250665732, 7.863498021292878, 7.294805631924163, 8.776104382725364, 8.509035110799974, 8.124339754100461, 2.8557973780835226], "WireModThetaXZ": [0.17235291317972481, 1.2986392649126701, 1.1819296080007349, 2.0137163478459983, 2.017477869310242, 0.3961591743715349, 1.0692088536797844, 0.5719844849754576, 0.3832873250039981, 0.19424170790111184], "WireModThetaXZ_intrinsic": [3.7848262023979715, 6.916319616128385, 7.573450092232218, 7.787769994671049, 7.732772463912447, 7.184179218053465, 6.846700334139911, 7.523838326698858, 7.732699582160308, 2.7383615355402355], "WireModThetaXZ_total": [3.9571791155776963, 8.214958881041056, 8.755379700232952, 9.801486342517046, 9.750250333222688, 7.580338392425, 7.915909187819695, 8.095822811674315, 8.115986907164306, 2.9326032434413474], "WireModThetaYZ_withSigmaSplines": [0.3524386503563399, 0.510658026594472, 0.8016378511698388, 1.9029955633480793, 0.7195634022004742, 0.41652032281065754, 0.41039326317049074, 0.5241318011521718, 0.7735957900009245, 0.0], "WireModThetaYZ_withSigmaSplines_intrinsic": [3.6347206932198266, 7.0179793664374195, 8.173308471553767, 7.239809214430597, 7.051178145832999, 7.294805631924163, 7.322067322010547, 7.453694626880768, 7.372987263491503, 2.8557973780835226], "WireModThetaYZ_withSigmaSplines_total": [3.9871593435761667, 7.528637393031891, 8.974946322723605, 9.142804777778677, 7.770741548033474, 7.7113259547348205, 7.7324605851810375, 7.97782642803294, 8.146583053492428, 2.8557973780835226], "CV": [0.7232010932859257, 1.1107133951508632, 1.2285415188044435, 1.6987047756894986, 0.9451611828215416, 0.0, 0.8643561130376325, 0.9377411133079381, 0.3855828151620635, 0.0], "CV_intrinsic": [3.698589099366427, 7.020394202052594, 7.8609594535188325, 7.724345506165815, 6.89889810728268, 7.539184412748298, 7.072139849314993, 7.292260263900523, 7.470534915642304, 2.777471303410181], "CV_total": [4.421790192652353, 8.131107597203457, 9.089500972323275, 9.423050281855314, 7.844059290104221, 7.539184412748298, 7.936495962352626, 8.230001377208461, 7.8561177308043675, 2.777471303410181]}