{"LYAttenuation": [2.470562519965234, 0.0, 0.0, 1.5292377304356912, 1.6555140536562822, 3.0096529631061975, 0.0, 1.8546696114568242, 7.6886929209939865, 0.0], "LYAttenuation_intrinsic": [6.774287298153445, 12.82166503837627, 14.000076361396037, 12.48962257547489, 13.441108898304599, 12.553145072293496, 14.003484251143135, 12.941612216048199, 12.225782817034656, 5.984301580542379], "LYAttenuation_total": [9.244849818118679, 12.82166503837627, 14.000076361396037, 14.01886030591058, 15.096622951960882, 15.562798035399695, 14.003484251143135, 14.796281827505023, 19.914475738028642, 5.984301580542379], "LYRayleigh": [2.593389004077841, 0.0, 0.0, 1.6052653121236067, 0.0, 3.1592808672252266, 0.0, 1.9468763642610174, 8.07094397162535, 0.0], "LYRayleigh_intrinsic": [6.784997929267636, 12.860525627881174, 14.040777334355514, 12.541325941014712, 13.485604202219172, 12.53302388521012, 13.910932973699687, 12.822293072155233, 12.006138027928756, 5.909545127249373], "LYRayleigh_total": [9.378386933345476, 12.860525627881174, 14.040777334355514, 14.146591253138318, 13.485604202219172, 15.692304752435348, 13.910932973699687, 14.76916943641625, 20.077081999554107, 5.909545127249373], "LYDown": [2.5301301369117635, 0.0, 0.0, 1.5661091095692399, 1.6954300752913802, 3.08221856442149, 0.0, 1.899387463397355, 6.044786664873234, 0.0], "LYDown_intrinsic": [6.787869404449006, 13.05973361380269, 14.477273270897697, 12.567424087783877, 13.375481077503252, 12.611173737820558, 13.861683688680131, 12.917805974721489, 11.992335865754328, 5.808769878031171], "LYDown_total": [9.31799954136077, 13.05973361380269, 14.477273270897697, 14.133533197353117, 15.070911152794633, 15.693392302242048, 13.861683688680131, 14.817193438118844, 18.037122530627563, 5.808769878031171], "SCE": [0.0, 0.6793215874836449, 0.0, 1.519574547314147, 1.0760527640829807, 2.233328215629503, 2.400766821999209, 2.899481728906591, 6.571186553540466, 1.4693900784662333], "SCE_intrinsic": [6.210819922177231, 13.00068780687849, 14.46776482335601, 13.76966768180722, 13.529112780767264, 13.777018476927864, 14.11839830819936, 13.667128365370885, 13.154607348763335, 5.79045531599543], "SCE_total": [6.210819922177231, 13.680009394362136, 14.46776482335601, 15.289242229121367, 14.605165544850244, 16.010346692557366, 16.51916513019857, 16.566610094277475, 19.7257939023038, 7.259845394461664], "Recomb2": [1.5892328657366892, 0.0, 0.0, 1.5368389290873037, 1.6637429188888913, 0.0, 0.0, 0.0, 4.331715109300987, 1.486084298129997], "Recomb2_intrinsic": [6.8638741975041215, 13.311586138351505, 14.423348643149858, 14.321966947619828, 13.906033623303465, 13.84296854124495, 14.209146353747812, 13.960525145006258, 13.126481670487792, 6.686386883643138], "Recomb2_total": [8.453107063240811, 13.311586138351505, 14.423348643149858, 15.858805876707132, 15.569776542192356, 13.84296854124495, 14.209146353747812, 13.960525145006258, 17.45819677978878, 8.172471181773135], "WireModX": [0.9420755842968459, 0.7496457774014657, 0.0, 1.5617336667401642, 0.0, 0.0, 0.0, 1.8940808974591472, 6.400970892335282, 1.5101568785623236], "WireModX_intrinsic": [6.629025643403076, 13.385534252471857, 14.467756626686551, 13.558861600654438, 13.680875729173906, 13.382716679385148, 13.328137934762353, 13.425905487120673, 12.50761912074401, 6.189978968489072], "WireModX_total": [7.571101227699922, 14.135180029873322, 14.467756626686551, 15.120595267394602, 13.680875729173906, 13.382716679385148, 13.328137934762353, 15.31998638457982, 18.90859001307929, 7.700135847051396], "WireModYZ": [0.9081534812210705, 0.0, 0.0, 1.505499017097259, 1.6298151235518725, 4.757064080424668, 1.8600725090103705, 0.0, 6.269478510873917, 0.0], "WireModYZ_intrinsic": [6.298969966426329, 13.190287814620168, 14.546814598012404, 13.143955224451005, 13.384452638924692, 12.676245495421298, 13.722508148289833, 13.33701879868265, 13.0449515599433, 5.897088912481664], "WireModYZ_total": [7.207123447647399, 13.190287814620168, 14.546814598012404, 14.649454241548264, 15.014267762476564, 17.433309575845968, 15.582580657300204, 13.33701879868265, 19.314430070817217, 5.897088912481664], "WireModThetaXZ": [1.6020259563888022, 0.0, 0.0, 1.5825176121155429, 0.0, 1.5091292123044462, 0.0, 1.9192878035710637, 7.876502171528911, 1.5302544270372866], "WireModThetaXZ_intrinsic": [6.8402486145378045, 13.11572414991011, 13.713730616060204, 13.539976566957641, 13.132674903070843, 13.841508440757018, 13.05404994516779, 12.870131261562165, 12.834599334968743, 5.9231703580755095], "WireModThetaXZ_total": [8.442274570926607, 13.11572414991011, 13.713730616060204, 15.122494179073184, 13.132674903070843, 15.350637653061463, 13.05404994516779, 14.789419065133227, 20.711101506497656, 7.453424785112796], "WireModThetaYZ_withSigmaSplines": [1.5269493294215524, 0.0, 0.0, 3.2394312481420027, 1.4667422716379894, 1.4249686669548103, 0.0, 1.829343159480337, 6.013260015169248, 2.954212909973794], "WireModThetaYZ_withSigmaSplines_intrinsic": [6.608364217799753, 12.28148831136659, 13.872862068703245, 13.065983862750926, 12.706186339656057, 13.506720771291825, 13.435617286821412, 12.79739041021071, 11.929290002075788, 6.1987779571591375], "WireModThetaYZ_withSigmaSplines_total": [8.135313547221305, 12.28148831136659, 13.872862068703245, 16.30541511089293, 14.172928611294047, 14.931689438246636, 13.435617286821412, 14.626733569691048, 17.942550017245036, 9.152990867132932], "CV": [2.848674647828055, 0.0, 0.0, 1.763282943859915, 0.0, 3.4702712542088836, 0.0, 2.1385211908454416, 8.865424138013239, 0.0], "CV_intrinsic": [6.886481611208375, 12.867484559369782, 14.123706294667766, 12.490798132994527, 13.43718808657134, 12.485895364696589, 13.989710404948767, 12.951533619266641, 12.235747273151162, 5.923732411643968], "CV_total": [9.73515625903643, 12.867484559369782, 14.123706294667766, 14.254081076854442, 13.43718808657134, 15.956166618905472, 13.989710404948767, 15.090054810112083, 21.1011714111644, 5.923732411643968]}