{"cv_genie": [3.040466864688109, 6.327251078124022, 6.435086892243543, 6.359045806658536, 4.179549112216229, 2.4773447051381225, 1.0948161465400723], "cv_xsec": [3.041312380352951, 6.328591793631274, 6.437303878206338, 6.3617217844469645, 4.180765007586888, 2.4782492497447723, 1.0951069306982344], "covariance": [[1001.5096956248682, 921.1999249569096, 880.3814366443573, 894.6538675524708, 925.5963659992142, 936.8493231497774, 893.290731965772], [921.1999249569096, 939.6462177161325, 908.8051497764883, 899.2798294820007, 913.3575358094353, 904.3678870277407, 915.4009280656132], [880.3814366443574, 908.8051497764882, 946.405786662016, 923.2979623879224, 885.3299837035432, 893.7505235580344, 920.8319962560372], [894.653867552471, 899.2798294820007, 923.2979623879228, 932.4870173378281, 910.8109296681903, 904.8169767394152, 897.5334430875373], [925.5963659992142, 913.3575358094353, 885.3299837035432, 910.8109296681903, 955.5443821853534, 920.6549598132704, 877.2464729060664], [936.8493231497774, 904.3678870277407, 893.7505235580344, 904.8169767394152, 920.6549598132704, 928.4822585858587, 893.4827658487551], [893.290731965772, 915.4009280656132, 920.8319962560371, 897.5334430875373, 877.2464729060664, 893.4827658487551, 942.7491427936418]], "covrotation": [[2.207701299373282, -0.4503984618921734, -0.40556229332529947, 1.1644842738035148, 1.49798342105403, 3.960432941264672, 3.417937487178613], [0.2055531948653933, 1.0082012688854973, -0.1705491781239989, 1.2068473233355763, 1.4834886280098176, 2.339626583884292, 4.777743132246789], [-0.6232302171976887, 0.2731518281613143, 1.4737769044642945, 1.811553540814652, 0.6117702312605513, 2.1515743243204195, 4.977620803578347], [-0.4984393504256144, -0.10600224350037342, 0.736973982190729, 2.8806348073236916, 1.2350976600884578, 2.341321677435336, 3.8737646151527017], [-0.09590246146172215, 0.06900789330784102, -0.32954779591974775, 1.9478360514177453, 3.1464121890370738, 2.633108591139822, 2.96433592895425], [0.26674917573273516, -0.22023044172786801, -0.01477560436155494, 1.643129578641168, 1.6388122071204299, 4.4723751736590405, 3.5086725268003045], [-0.2686491027359144, 0.291697644396474, 0.4229984328485381, 1.2579461897632627, 0.767634149537912, 2.6893303552875203, 7.206685721136708]], "uncertainty": [0.556980819173527, 1.0790084386175445, 1.082882535935494, 1.0748900758999553, 0.7253987935082059, 0.4290317692946016, 0.18796322358926715], "fractional_uncertainty": [0.18313831317415943, 0.17049739875834552, 0.1682198877703477, 0.16896213200140714, 0.1735086263379586, 0.17311889404941264, 0.1716391507717176]}