{"cv_evtrate": [3.3245874160835083, 5.494731043179593, 6.776467739733846, 5.616595742402058, 2.9057326976685687], "cv_xsec": [3.3245874890570244, 5.4947310166114365, 6.776467777866107, 5.616595737449931, 2.9057327745940214], "covariance": [[866.0069342000832, 247.99641836222418, 351.74124557914354, 326.325011576341, 576.3618422638054], [247.99641836222418, 392.8364646638492, 246.441999484668, 283.1209638869397, 197.47605581547398], [351.74124557914365, 246.44199948466795, 624.7389691556749, 188.2262777973791, 183.32484065997224], [326.325011576341, 283.12096388693976, 188.22627779737917, 574.6474544312962, 377.7495215810679], [576.3618422638053, 197.47605581547398, 183.32484065997227, 377.74952158106794, 1101.9861579036055]], "uncertainty": [0.41434617330263296, 0.4360422485605499, 0.5175389413891913, 0.5273797101047545, 0.4674021623161577], "fractional_uncertainty": [0.12463085259944741, 0.079356432051419, 0.07637296573291802, 0.0938966831079421, 0.16085517787555723]}