{"cv_evtrate": [5.363893307411264, 8.88414460854637, 8.80912654479892, 6.679273500975285, 3.8251221802442217, 1.0718563090057813], "cv_xsec": [5.368401255657681, 8.88342128507896, 8.811464240199415, 6.683440936441236, 3.824024807855847, 1.0722130330101927], "covariance": [[321.66576013958644, 7.318390165452602, -35.228174249642066, 93.75807456244875, -22.354522063037678, 3.705698361998418], [7.318390165452614, 68.4787788746352, 27.381539363046624, -12.35738835983119, 50.55915111176795, -8.368303905941634], [-35.22817424964207, 27.38153936304662, 52.67415509084474, 16.42157816412753, 5.093406185689684, 20.213051050330073], [93.75807456244877, -12.35738835983119, 16.42157816412753, 66.0557635064357, -22.684238648835752, 36.380174995105335], [-22.354522063037663, 50.559151111767946, 5.09340618568968, -22.68423864883575, 80.6514254875663, 9.053215410700776], [3.7056983619984116, -8.368303905941632, 20.213051050330076, 36.38017499510533, 9.053215410700778, 43.25071471302556]], "uncertainty": [1.782320335449302, 0.8223588083453867, 0.7212438682078611, 0.8076788364491047, 0.4462306253406928, 0.10211746264237292], "fractional_uncertainty": [0.3320020711139914, 0.0925723076678421, 0.08185289624367112, 0.12084775553940533, 0.11669135211256564, 0.09523990055939022]}