{"cv_evtrate": [3.287523338629461, 5.683674542540228, 6.8668326685371905, 5.9180434750446835, 3.06083318452815], "cv_xsec": [3.287523234899608, 5.683674381822353, 6.866832637493262, 5.918043320578243, 3.06083307544322], "covariance": [[497.6661858186197, 170.7433931376054, 184.29302804047535, 167.4127770755532, 329.16709917954165], [170.74339313760547, 266.9836845547122, 180.81481509288292, 213.90772644749592, 145.81330352665267], [184.2930280404754, 180.81481509288298, 431.0446229853283, 133.13694674620567, 88.27989352679542], [167.4127770755532, 213.90772644749592, 133.13694674620567, 352.45336070948304, 204.8150470890404], [329.16709917954165, 145.8133035266527, 88.27989352679545, 204.81504708904038, 530.9808522215656]], "uncertainty": [0.48638432714062985, 0.5566380533562513, 0.6656757077324231, 0.6395600966227977, 0.5024003526131785], "fractional_uncertainty": [0.1479485595652323, 0.0979363024624533, 0.09694072112633112, 0.10806951926136074, 0.16413843559254832]}