{"cv_evtrate": [3.200571154705228, 5.3861316245395425, 6.395319244742339, 5.381953096424187, 2.7516487348373637], "cv_xsec": [3.200571240516574, 5.386131562976425, 6.395319121982665, 5.381953060326929, 2.7516488186407675], "covariance": [[92.66977929458947, 10.95068177763062, 6.642058461579624, 32.37646146737604, 70.89950007028837], [10.95068177763062, 31.959055955448246, 17.009302611249794, 24.95540124683738, 23.773417420977918], [6.6420584615796185, 17.009302611249794, 46.95428232223311, 13.989449131034585, -0.42836078428173785], [32.37646146737603, 24.95540124683738, 13.989449131034588, 39.44809123336586, 12.641146830065491], [70.89950007028835, 23.773417420977918, -0.42836078428173074, 12.641146830065498, 116.77920898241962]], "uncertainty": [0.382659412640609, 0.35112385281006614, 0.4005641030399235, 0.3901003672730363, 0.4295622423839409], "fractional_uncertainty": [0.11955972352574397, 0.0651903594824245, 0.06263395076925284, 0.07248304897875484, 0.15611085232748992]}