{"ppfx": [[53239781.01811078, 62564364.46094136], [62564364.46094136, 74106847.13384698]], "beamline": [[7174974.665026788, 7863322.529446628], [7863322.529446628, 8640889.320287306]], "genie_ms": [[111752770.0, 119648407.0], [119648407.0, 138622365.0]], "genie_us": [[65317632.27017111, 43121029.23553415], [43121029.23553415, 29363276.67233893]], "geant4": [[737396.45510065, 854318.36434241], [854318.36434241, 1218613.19763162]], "pot_counting": [[316547626.7963268, 77560658.62431781], [77560658.62431781, 19003951.5605295]], "dirt": [[1374792253.1704218, 827880587.6164836], [827880587.6164836, 498538063.3122119]], "mc_stat": [[39353.17725322201, 0], [0, 37812.3835199236]], "ext_stat": [[788934.2401400884, 0], [0, 115633.87108593038]]}