{"bins": [0.0, 0.05, 0.1, 0.15, 0.2, 0.25, 0.3, 0.35, 0.4, 0.45, 0.5, 0.55, 0.6, 0.65, 0.7, 0.75, 0.8, 0.85, 0.9, 0.95, 1.0, 1.05, 1.1, 1.15, 1.2, 1.25, 1.3, 1.35, 1.4, 1.45, 1.5, 1.55, 1.6, 1.65, 1.7, 1.75, 1.8, 1.85, 1.9, 1.95, 2.0, 2.05, 2.1, 2.15, 2.2, 2.25, 2.3, 2.35, 2.4, 2.45, 2.5, 2.55, 2.6, 2.65, 2.7, 2.75, 2.8, 2.85, 2.9, 2.95, 3.0, 3.05, 3.1, 3.15, 3.2, 3.25, 3.3, 3.35, 3.4, 3.45, 3.5, 3.55, 3.6, 3.65, 3.7, 3.75, 3.8, 3.85, 3.9, 3.95, 4.0, 4.05, 4.1, 4.15, 4.2, 4.25, 4.3, 4.35, 4.4, 4.45, 4.5], "CV": [0.11762374149440658, 0.0, 0.0, 0.06001478142306814, 0.21840797482494312, 0.8674735036075722, 1.6324786527163473, 4.891320405663823, 7.434706633025874, 9.322747561295454, 8.94202881730783, 18.441865275740298, 18.515226213240318, 15.014515214455635, 18.88091753873747, 19.574307014640816, 18.45285901081197, 23.360498915098592, 19.263005509269597, 19.230779921472404, 19.661968159378105, 17.51731048418096, 14.217862199813599, 14.262057779390634, 14.320776188380801, 14.192627403329006, 11.268397351014334, 10.001911423624751, 9.56281854545889, 7.720127618015899, 6.228403290280336, 6.006867051602661, 6.559484539266977, 5.948512821045707, 3.792639478299284, 4.995658397342472, 5.095947957070864, 4.854427276046362, 3.721180726996028, 4.0854649325178345, 2.1795339826720888, 3.591733281750654, 3.5204696139948015, 2.6923186532790835, 1.5969783401235391, 1.8750664506945363, 0.9806570498418914, 1.7166724468183556, 0.9731902966462975, 0.8185555016009056, 2.199120648060363, 0.9137257232918752, 0.534973290893916, 1.5153865052043276, 0.4483764821442051, 1.5280789414812053, 1.0089799234788082, 0.40539075790594836, 1.1877370705104608, 0.38393400699555613, 1.7273564227617628, 0.3865103468972251, 0.8279624337968574, 0.8715626463629391, 0.35863034661835425, 0.14519131116823303, 0.1705688548797184, 0.4394390031851749, 0.1785625801286308, 0.2767548725035276, 0.7919126661441851, 0.47616940140737896, 0.12187899895109311, 0.06904100823229342, 0.6235689374085531, 0.20823559427332228, 0.3297022166931969, 0.17464293451105561, 0.09808892345463605, 0.5405062141835302, 0.03477322774983804, 0.0811113139566828, 0.05676013666140989, 0.0, 0.21815544240899953, 0.4645073059086515, 0.0, 0.4432595667932553, 0.0, 0.040448078005965726], "stat": [1.0, NaN, NaN, 1.0, 0.40824829046386296, 0.25, 0.16666666666666666, 0.10206207261596574, 0.08084520834544431, 0.06933752452815364, 0.0663723311599972, 0.0553001263609331, 0.052128603514268686, 0.0546358364708153, 0.04975185951049946, 0.04767312946227962, 0.05018856132284956, 0.04540766091864998, 0.04879500364742666, 0.049446817643414874, 0.04885319687460315, 0.05292561240249632, 0.055641488407465724, 0.05812381937190964, 0.059654998627189364, 0.0625, 0.06523280730534421, 0.06950480468569159, 0.07142857142857142, 0.07216878364870322, 0.08362420100070908, 0.08606629658238704, 0.08638684255813601, 0.09325048082403137, 0.1025978352085154, 0.1015346165133619, 0.10425720702853737, 0.10482848367219183, 0.12126781251816648, 0.13018891098082386, 0.15075567228888181, 0.1336306209562122, 0.1336306209562122, 0.12598815766974242, 0.18257418583505539, 0.16012815380508713, 0.19611613513818402, 0.16666666666666666, 0.21320071635561044, 0.2, 0.19245008972987526, 0.28867513459481287, 0.2773500981126146, 0.21821789023599236, 0.28867513459481287, 0.20412414523193148, 0.2294157338705618, 0.31622776601683794, 0.25819888974716115, 0.3333333333333333, 0.24253562503633297, 0.3535533905932738, 0.31622776601683794, 0.28867513459481287, 0.31622776601683794, 0.5, 0.447213595499958, 0.31622776601683794, 0.447213595499958, 0.37796447300922725, 0.3333333333333333, 0.3333333333333333, 0.5773502691896257, 0.7071067811865476, 0.5773502691896257, 0.447213595499958, 0.5773502691896257, 0.5, 0.5773502691896257, 0.37796447300922725, 1.0, 0.7071067811865476, 1.0, NaN, 0.40824829046386296, 0.5773502691896257, NaN, 0.5, NaN, 1.0], "ppfx": [0.0, NaN, NaN, 4.451559967771609, 0.19688916266387868, 0.25460902902552945, 1.4235542325517527, 0.23207232565341426, 0.1780862488639906, 0.14691091495034708, 0.1467333166128931, 0.13714217991192176, 0.1633325610501678, 0.14087298285873381, 0.13676973826497385, 0.13884520598026232, 0.12767077284413766, 0.13842845858883113, 0.12121631887628037, 0.13070310840364305, 0.12279027844301413, 0.12634600934752396, 0.12586267151240163, 0.1194317667139765, 0.13692742316775786, 0.1280199260161782, 0.08571529137784337, 0.11669796465128217, 0.14322604767736766, 0.10385308334505672, 0.08771380885930125, 0.1407522611619254, 0.11046966979537316, 0.2189010084578457, 0.13651194744783957, 0.0930128403757373, 0.10350472244749408, 0.11646972613622232, 0.12762662802307156, 0.2228560021670148, 0.2020361957561518, 0.07738713033026315, 0.0728758032582567, 0.0891525495619659, 0.07660529066167299, 0.06423193068655501, 0.19191669037723072, 0.14102037831276162, 0.21082324896799856, 0.14917779167529957, 0.15428284925432897, 0.19655707741140588, 0.22760301683538822, 0.1516665351130995, 0.2229586037876182, 0.2142695601611503, 0.5008759646139909, 0.09951779474256783, 0.09038484967093352, 0.11426385890986317, 0.4039227005615925, 0.6329400961326364, 0.136263290438853, 0.159736964078391, 0.18252885233598973, 0.21382252553904335, 0.12197434439139293, 0.17914187211244995, 0.22927922090600036, 0.22630926443672222, 0.2948804704778219, 0.3181411439925447, 0.13342448229816414, 0.22374499539248918, 0.7650195439889113, 0.16256780034528645, 0.3987232729893302, 0.1003041875155362, 0.3157074058751762, 0.20966156225816093, 0.35993957594763093, 0.41096166264935335, 0.7287654904012618, NaN, 0.15518586580792026, 0.015386414054508241, NaN, 0.3149084998079126, NaN, 0.4503032237655573], "beamline": [0.034868825797130826, NaN, NaN, 0.347320837653735, 0.05133855012143079, 0.07760994750117667, 0.03333753740688301, 0.029962418988705518, 0.02657602430530746, 0.02916097873413221, 0.03912291944554128, 0.04323547591858789, 0.040505404953658806, 0.03678046667661299, 0.03566178256431028, 0.059030134340653254, 0.05876732305900348, 0.05708145461996599, 0.05819400005207343, 0.0571267853292113, 0.046871121857075544, 0.0400453643594688, 0.045690813226449654, 0.05289364210731741, 0.04367570905553878, 0.12199002867650875, 0.12947368335256765, 0.12120402128597928, 0.11331399394492282, 0.13047842587832523, 0.07029598691875767, 0.0878935584676471, 0.07578973952980207, 0.0776500202920172, 0.07650637777804035, 0.12363496802435239, 0.13758280674251216, 0.1248073697680633, 0.12775485021159627, 0.10404555012149977, 0.15204052007650204, 0.07113342594951308, 0.07797620380513577, 0.13588945598648258, 0.10664875994040815, 0.20485151625403175, 0.20703140223593416, 0.16995027615230462, 0.14556808148583267, 0.22211235682085317, 0.10971531628058384, 0.11576888899154791, 0.24547230880186982, 0.15570769158894307, 0.2252461025419998, 0.24166242417698966, 0.3328410472694388, 0.29908304518568435, 0.31104785177443417, 0.3004806820146031, 0.1342569925573441, 0.3533202257854073, 0.14168706215299948, 0.10431418430670197, 0.4858117463860792, 0.2641639107071713, 0.26837905325293093, 0.33575387625729536, 0.2667453932627947, 0.31581529490096266, 0.17182416546340556, 0.207230269952976, 0.3126869530942808, 0.2942237432808864, 0.09896313435544694, 0.2932451612704678, 0.1675215404789198, 0.3577084383974689, 0.35488293695410394, 0.1633414178460392, 0.5762822477505009, 0.5762822477512086, 0.5762822477505918, NaN, 0.4034904381705483, 0.15481884054138167, NaN, 0.14316701104021654, NaN, 0.576282247751093],