{"genie_evt_rate": [2.12954904, 1.62010666, 2.53347167, 1.58859615, 1.64588623], "nuwro_evt_rate": [2.61023051, 1.9883316, 2.2866019699999995, 2.6477484300000005, 1.7342551000000004], "cov": [[0.23105467560136084, 0.17699890544986174, -0.11866569029445918, 0.5091148749042518, 0.04247727833383913], [0.17699890544986174, 0.13558960643800355, -0.09090358047031814, 0.3900062847538633, 0.03253962185361797], [-0.11866569029445918, -0.09090358047031814, 0.06094464877809021, -0.2614726056179165, -0.021815596426239158], [0.5091148749042518, 0.3900062847538633, -0.2614726056179165, 1.1218035522291991, 0.09359609014152415], [0.04247727833383913, 0.03253962185361797, -0.021815596426239158, 0.09359609014152415, 0.007809057185076986]], "frac_cov": [[0.05094944647044695, 0.05130259435275697, -0.02199487367835938, 0.1504924230636037, 0.012119068069648041], [0.05130259435275697, 0.051658190022735355, -0.022147327602774335, 0.15153553705581246, 0.012203069438079977], [-0.02199487367835938, -0.022147327602774335, 0.009495185946869867, -0.06496757205702265, -0.005231801123609126], [0.1504924230636037, 0.15153553705581246, -0.06496757205702265, 0.4445184583642443, 0.035796815184871315], [0.012119068069648041, 0.012203069438079977, -0.005231801123609126, 0.035796815184871315, 0.0028826968897877076]], "genie_nu_bkgd": [3.18891347, 1.19167202, 2.81574186, 1.94686813, 4.36580604], "nuwro_nu_bkgd": [4.01236229, 1.52673754, 2.82605753, 2.93339206, 4.91009806]}