{"genie_evt_rate": [6.962881367651101, 18.160410015669882, 15.368517639158956, 8.267385102381446, 7.364255487321785, 3.328994633488385], "nuwro_evt_rate": [6.607231851295906, 17.39416179531707, 13.193429125216202, 7.265086040702129, 6.314562982768702, 3.0017877461455047], "genie_nu_bkgd": [4.051669487144124, 4.416669058140844, 3.102642771143448, 2.1201876289005606, 1.9511553436735165, 1.520040018208823], "nuwro_nu_bkgd": [3.9710353979606703, 4.466389108752099, 2.8504890058836665, 1.5377822921922117, 1.412954559221136, 1.650017516302647], "cov": [[0.12648657848368391, 0.2725158089765058, 0.7735691780134796, 0.3564671765295147, 0.3733226315659767, 0.11637097123158409], [0.2725158089765058, 0.5871363351938496, 1.6666577029184748, 0.768009872273069, 0.8043250135314839, 0.2507216951136647], [0.7735691780134796, 1.6666577029184748, 4.731010043485697, 2.1800891765942834, 2.283174109825211, 0.7117039423424598], [0.3564671765295147, 0.768009872273069, 2.1800891765942834, 1.0046034090432403, 1.052105812365367, 0.3279591561587792], [0.3733226315659767, 0.8043250135314839, 2.283174109825211, 1.052105812365367, 1.1018543541149226, 0.34346661708196635], [0.11637097123158409, 0.2507216951136647, 0.7117039423424598, 0.3279591561587792, 0.34346661708196635, 0.10706434712461642]], "frac_cov": [[0.002608954188653547, 0.0021551477826889, 0.007228999283936199, 0.00619244820140399, 0.007280588338096104, 0.005020449097353552], [0.0021551477826889, 0.0017802773177960404, 0.005971573531490482, 0.005115322096766757, 0.006014189088393424, 0.0041471827245261], [0.007228999283936199, 0.005971573531490482, 0.020030413287601686, 0.017158294234696506, 0.020173358394573213, 0.013910870143924338], [0.00619244820140399, 0.005115322096766757, 0.017158294234696506, 0.014698002323629028, 0.01728074274185466, 0.011916219578846622], [0.007280588338096104, 0.006014189088393424, 0.020173358394573213, 0.01728074274185466, 0.02031732361547418, 0.014010143723168013], [0.005020449097353552, 0.0041471827245261, 0.013910870143924338, 0.011916219578846622, 0.014010143723168013, 0.00966092438446613]], "cor": [[1.0, 1.0, 1.0, 1.0, 1.0, 1.0], [1.0, 1.0, 1.0, 1.0, 1.0, 1.0], [1.0, 1.0, 1.0, 1.0, 1.0, 1.0], [1.0, 1.0, 1.0, 1.0, 1.0, 1.0], [1.0, 1.0, 1.0, 1.0, 1.0, 1.0], [1.0, 1.0, 1.0, 1.0, 1.0, 1.0]], "fractional_uncertainty": [0.05107792271278803, 0.042193332622536946, 0.1415288425996683, 0.12123531797141057, 0.14253884949540663, 0.09829000144707563]}