{"genie_evt_rate": [7.818600269690768, 13.590681417958827, 13.144863218075123, 9.284543393742865, 8.22095271886262, 4.855432317621769, 2.5373709097195416], "nuwro_evt_rate": [7.9333221947660535, 12.089972253935263, 12.544311694118662, 8.189238217392823, 6.758109628855614, 4.396635516188475, 1.8519898716592673], "genie_nu_bkgd": [3.694934343400397, 3.394108336843731, 2.6492372404752556, 2.2518334777941122, 2.2123190964481765, 1.677694263982808, 1.28223755032862], "nuwro_nu_bkgd": [3.7090563740195397, 3.1132199901370163, 3.3771021912489196, 1.7820956309175457, 1.3039591336713645, 1.5229536535397372, 1.0802809067782935], "cov": [[0.013161120092979331, -0.17216424427490498, -0.06889642693518148, -0.12565551837580144, -0.16782017536868227, -0.05263405227881086, -0.07862823209637192], [-0.17216424427490498, 2.2521279949843023, 0.9012531754697785, 1.6437345155509528, 2.19530203070206, 0.6885205643356439, 1.0285576046650362], [-0.06889642693518148, 0.9012531754697785, 0.36066213292642846, 0.6577871928544186, 0.8785126470128867, 0.2755311182871151, 0.41160662689795935], [-0.12565551837580144, 1.6437345155509528, 0.6577871928544186, 1.1996934293391963, 1.6022596086725636, 0.5025225115027296, 0.7507013987595835], [-0.16782017536868227, 2.19530203070206, 0.8785126470128867, 1.6022596086725636, 2.1399099059812445, 0.671147730694011, 1.0026049155483008], [-0.05263405227881086, 0.6885205643356439, 0.2755311182871151, 0.5025225115027296, 0.671147730694011, 0.21049450500542174, 0.31445062802508483], [-0.07862823209637192, 1.0285576046650362, 0.41160662689795935, 0.7507013987595835, 1.0026049155483008, 0.31445062802508483, 0.46974716733257915]], "frac_cov": [[0.00021529544011373596, -0.0016202152597839944, -0.0006703654420317605, -0.0017309798231303598, -0.0026109166632361787, -0.00138646813500781, -0.0039633784558943015], [-0.0016202152597839944, 0.012193000867320435, 0.0050448644812817155, 0.013026564437836771, 0.019648567649945662, 0.010433926646830963, 0.029826578078693714], [-0.0006703654420317605, 0.0050448644812817155, 0.002087316970731171, 0.005389752117684581, 0.008129611579946983, 0.0043170460261325455, 0.012340772053143113], [-0.0017309798231303598, 0.013026564437836771, 0.005389752117684581, 0.013917113834373529, 0.020991824357957347, 0.011147232685670713, 0.031865645342782585], [-0.0026109166632361787, 0.019648567649945662, 0.008129611579946983, 0.020991824357957347, 0.031662936376000934, 0.016813884933306236, 0.04806442183698389], [-0.00138646813500781, 0.010433926646830963, 0.0043170460261325455, 0.011147232685670713, 0.016813884933306236, 0.008928632619327788, 0.025523522157138875], [-0.0039633784558943015, 0.029826578078693714, 0.012340772053143113, 0.031865645342782585, 0.04806442183698389, 0.025523522157138875, 0.07296192049561617]], "cor": [[1.0, -1.0, -1.0, -1.0, -1.0, -1.0, -1.0], [-1.0, 1.0, 1.0, 1.0, 1.0, 1.0, 1.0], [-1.0, 1.0, 1.0, 1.0, 1.0, 1.0, 1.0], [-1.0, 1.0, 1.0, 1.0, 1.0, 1.0, 1.0], [-1.0, 1.0, 1.0, 1.0, 1.0, 1.0, 1.0], [-1.0, 1.0, 1.0, 1.0, 1.0, 1.0, 1.0], [-1.0, 1.0, 1.0, 1.0, 1.0, 1.0, 1.0]], "fractional_uncertainty": [0.014672949264334555, 0.11042192204141546, 0.045687164179134286, 0.11797081772359437, 0.17794082267990372, 0.09449144204279977, 0.270114643245449]}