{"genie_evt_rate": [3.898334888679764, 8.767202425775503, 16.1948786746831, 17.503057378953358, 9.063012135578767, 4.025958742000973], "nuwro_evt_rate": [3.246870390780488, 8.707812801127432, 17.75230702887939, 17.57478282982163, 5.396619939867918, 1.0978665489077781], "genie_nu_bkgd": [1.88749938734416, 2.05386913393578, 2.535053754458427, 3.492066695385118, 3.5587901470524197, 3.6350851910971858], "nuwro_nu_bkgd": [1.4479376314771675, 2.282374973925118, 3.4335195600161654, 4.435814321425405, 2.361086613270608, 1.927934780197953], "cov": [[0.42440599202315615, 0.03869023200178232, -1.0146092807805822, -0.04672658483649765, 2.388524350880593, 1.9075481103762488], [0.03869023200178232, 0.0035271275158388106, -0.09249508537198126, -0.004259747604780327, 0.21774565631588563, 0.17389829628275305], [-1.0146092807805822, -0.09249508537198126, 2.4255830784545642, 0.11170725089975882, -5.7101431632040685, -4.5602938052241395], [-0.04672658483649765, -0.004259747604780327, 0.11170725089975882, 0.005144540302256818, -0.26297363329727225, -0.21001873273347504], [2.388524350880593, 0.21774565631588563, -5.7101431632040685, -0.26297363329727225, 13.442431732769418, 10.735534365078752], [1.9075481103762488, 0.17389829628275305, -4.5602938052241395, -0.21001873273347504, 10.735534365078752, 8.573723891253314]], "frac_cov": [[0.02792693135433656, 0.0011320383903267747, -0.01607096617610354, -0.0006848113964824797, 0.06760486766857537, 0.1215421838749944], [0.0011320383903267747, 4.588799610361196e-05, -0.0006514482543807037, -2.7759325975178328e-05, 0.002740412278125384, 0.004926800458127819], [-0.01607096617610354, -0.0006514482543807037, 0.009248275456993894, 0.0003940848584558572, -0.03890422215947906, -0.06994324944768696], [-0.0006848113964824797, -2.7759325975178328e-05, 0.0003940848584558572, 1.6792630840891218e-05, -0.0016577755446783562, -0.002980401663716646], [0.06760486766857537, 0.002740412278125384, -0.03890422215947906, -0.0016577755446783562, 0.16365629558422226, 0.29422649960224584], [0.1215421838749944, 0.004926800458127819, -0.06994324944768696, -0.002980401663716646, 0.29422649960224584, 0.528969770207461]], "cor": [[1.0, 1.0, -1.0, -1.0, 1.0, 1.0], [1.0, 1.0, -1.0, -1.0, 1.0, 1.0], [-1.0, -1.0, 1.0, 1.0, -1.0, -1.0], [-1.0, -1.0, 1.0, 1.0, -1.0, -1.0], [1.0, 1.0, -1.0, -1.0, 1.0, 1.0], [1.0, 1.0, -1.0, -1.0, 1.0, 1.0]], "fractional_uncertainty": [0.16711352834027698, 0.006774067914009422, 0.09616795441826707, 0.004097881262419791, 0.40454455327469463, 0.7273030800206067]}