{"genie_evt_rate": [1.20186736, 1.39647064, 2.38161768, 2.30591858, 1.44704111, 0.78469438], "nuwro_evt_rate": [1.9971592400000002, 1.1742443900000001, 2.3577536099999996, 2.6826319000000005, 2.12847104, 0.92690742], "genie_nu_bkgd": [2.49253693, 1.0174637, 2.37791219, 2.65362749, 2.18065303, 2.78680819], "nuwro_nu_bkgd": [3.52460891, 0.88994572, 2.53216171, 2.87735819, 3.3141999, 3.07037305], "cov": [[0.6324891743939347, -0.1767347321478499, -0.018978901094752056, 0.29959704448384195, 0.5419356901179685, 0.11310087594211524], [-0.1767347321478499, 0.049384506189062434, 0.005303222785837623, -0.08371558842865003, -0.15143161798166238, -0.03160347058029998], [-0.018978901094752056, 0.005303222785837623, 0.0005694938369649272, -0.008989913038412622, -0.016261691549615487, -0.0033937819414728812], [0.29959704448384195, -0.08371558842865003, -0.008989913038412622, 0.14191292546542267, 0.2567037312776678, 0.05357354644569286], [0.5419356901179685, -0.15143161798166238, -0.016261691549615487, 0.2567037312776678, 0.46434674949980487, 0.0969082218922872], [0.11310087594211524, -0.03160347058029998, -0.0033937819414728812, 0.05357354644569286, 0.0969082218922872, 0.020224548746041602]], "frac_cov": [[0.43786478105466053, -0.10530125708383949, -0.006630441933168939, 0.10810281800245239, 0.31160925126950906, 0.11992476756049844], [-0.10530125708383949, 0.025323696317225957, 0.0015945421983983078, -0.025997438301717895, -0.07493830812014346, -0.02884047616067871], [-0.006630441933168939, 0.0015945421983983078, 0.0001004025948906747, -0.0016369653111875033, -0.004718596095818011, -0.0018159811934255667], [0.10810281800245239, -0.025997438301717895, -0.0016369653111875033, 0.026689105325903125, 0.0769320567338871, 0.029607782773377684], [0.31160925126950906, -0.07493830812014346, -0.004718596095818011, 0.0769320567338871, 0.22175870195100847, 0.08534522218979701], [0.11992476756049844, -0.02884047616067871, -0.0018159811934255667, 0.029607782773377684, 0.08534522218979701, 0.03284564207196243]], "cor": [[1.0, -1.0, -1.0, 1.0, 1.0, 1.0], [-1.0, 1.0, 1.0, -1.0, -1.0, -1.0], [-1.0, 1.0, 1.0, -1.0, -1.0, -1.0], [1.0, -1.0, -1.0, 1.0, 1.0, 1.0], [1.0, -1.0, -1.0, 1.0, 1.0, 1.0], [1.0, -1.0, -1.0, 1.0, 1.0, 1.0]], "fractional_uncertainty": [0.6617135188695034, 0.1591342085072407, 0.010020109524884182, 0.16336800582091687, 0.47091262666338485, 0.18123366704881969]}