{"LYRayleigh_intrinsic": [491.79754638671875, 941.7009887695312, 1050.27197265625, 1026.6162109375, 911.35986328125, 992.0927734375, 951.43359375, 979.3291015625, 990.36181640625, 373.80859375], "LYDown_intrinsic": [456.8638916015625, 851.9537353515625, 903.929931640625, 908.15673828125, 794.229248046875, 829.473388671875, 816.51806640625, 865.0595703125, 902.7626953125, 322.19873046875], "SCE_intrinsic": [474.5130615234375, 947.67041015625, 1015.4644775390625, 988.14990234375, 925.15673828125, 929.7626953125, 972.8759765625, 1072.52392578125, 977.966796875, 378.16796875], "Recomb2_intrinsic": [503.2355041503906, 993.271240234375, 1020.8680419921875, 1044.02685546875, 991.775146484375, 974.5615234375, 916.0283203125, 980.50390625, 1025.041015625, 405.76171875], "WireModX_intrinsic": [455.6761169433594, 969.2803955078125, 1027.453369140625, 992.3037109375, 946.419677734375, 969.6572265625, 972.0498046875, 949.32373046875, 1040.3486328125, 376.751953125], "WireModYZ_intrinsic": [476.61346435546875, 920.2531127929688, 1071.7481689453125, 949.3408203125, 924.6083984375, 956.56103515625, 960.12939453125, 977.3896484375, 966.79833984375, 374.478515625], "WireModThetaXZ_intrinsic": [501.8205261230469, 917.0164794921875, 1004.1441650390625, 1032.55908203125, 1025.268310546875, 952.5439453125, 907.78759765625, 997.568359375, 1025.25830078125, 363.08203125], "WireModThetaYZ_withSigmaSplines_intrinsic": [476.61346435546875, 920.2531127929688, 1071.7481689453125, 949.3408203125, 924.6083984375, 956.56103515625, 960.12939453125, 977.3896484375, 966.79833984375, 374.478515625], "CV_intrinsic": [496.154541015625, 941.7640380859375, 1054.5238037109375, 1036.197021484375, 925.464111328125, 1011.36865234375, 948.70556640625, 978.23388671875, 1002.15087890625, 372.5986328125]}