{"CV": [0.0, 0.0, 0.0, 0.0, 0.0, 9.288573089728226, 22.527186498296857, 20.2957278271421, 4.189384997794324, 0.0], "LYRayleigh": [0.0, 0.0, 0.0, 0.0, 0.0, 9.436098877081742, 22.5126277061826, 20.33560857970558, 4.171586574027234, 0.0], "LYDown": [0.0, 0.0, 0.0, 0.0, 0.0, 8.888910118231644, 24.055253133428693, 22.176541425774914, 4.425081313559705, 0.0], "SCE": [0.0, 0.0, 0.0, 0.0, 0.0, 8.020212951788773, 25.176837072027325, 21.077500440667492, 3.6703248629066287, 0.0], "Recomb2": [0.0, 0.0, 0.0, 0.0, 0.0, 9.069875541815628, 24.81144247974217, 20.79668913085304, 4.138372958609754, 0.0], "WireModX": [0.0, 0.0, 0.0, 0.0, 0.0, 7.3382890855168, 24.982024297369122, 22.585415937493664, 3.9700418123695194, 0.0], "WireModYZ": [0.0, 0.0, 0.0, 0.0, 0.0, 8.7664535676335, 24.463154897344708, 20.04675779540382, 3.984545768210584, 0.0], "WireModThetaXZ": [0.0, 0.0, 0.0, 0.0, 0.0, 9.433769050726761, 24.13655768359959, 20.634385206292492, 3.967297137686902, 0.0], "WireModThetaYZ_withSigmaSplines": [0.0, 0.0, 0.0, 0.0, 0.0, 8.217408004889359, 22.788544759405255, 19.889878370354992, 3.984545768210584, 0.0]}