{"cv_evtrate": [2.998440518466013, 6.410240408605978, 6.559840936610657, 6.169746869546801, 3.733403916437613, 1.9045790536715508, 0.6785949168657517], "cv_xsec": [3.327879972724132, 6.835887537089475, 6.821671451659523, 6.151556114735777, 3.5548524575013887, 1.7703020951479436, 0.5971157919454574], "covariance": [[90.04118187845887, 60.973100646137425, 27.582575132743187, 4.953688747194429, -6.571843451930782, -0.2512401870919083, 19.591127421977404], [60.973100646137425, 52.416267778067535, 30.099815747160203, 6.922791698204568, 0.44891358630924894, 6.918939709808681, 10.2965460133248], [27.582575132743187, 30.0998157471602, 27.64228863220228, 18.491943030762513, 13.444235419404189, 9.845603193682745, 3.1439120338512203], [4.953688747194426, 6.922791698204566, 18.491943030762513, 31.499802392609574, 25.540677388145976, 10.434052912828024, 4.931793465749628], [-6.5718434519307785, 0.44891358630925016, 13.444235419404185, 25.54067738814597, 28.732161745044127, 21.076032543068635, 14.012301238841834], [-0.25124018709190477, 6.9189397098086864, 9.845603193682749, 10.434052912828024, 21.076032543068635, 33.3634410443588, 32.09538856143423], [19.5911274219774, 10.296546013324802, 3.1439120338512208, 4.931793465749628, 14.012301238841834, 32.09538856143423, 53.385548619057374]], "uncertainty": [0.4714915813600786, 0.7194761335327048, 0.5224808094664884, 0.557747021274737, 0.35512090363650656, 0.2296036324337716, 0.12738560213489952], "fractional_uncertainty": [0.1416792628413595, 0.10524984936177537, 0.07659131829624884, 0.09066763122564696, 0.09989750851322578, 0.12969743020870328, 0.21333484033283676]}