{"cv_evtrate": [5.001108668461351, 7.915924982669468, 7.798340232512366, 5.991821192579952, 3.3818946263993297, 0.9308730713093283], "cv_xsec": [4.859391311342768, 8.299908915867269, 7.931267187342577, 5.823140306181532, 3.457104957693961, 0.8946270737958072], "covariance": [[374.94952326102504, -4.24411341850686, -29.938421934342237, 122.52331896661538, -49.93064581071019, 27.002521266344807], [-4.24411341850686, 73.63157293672535, 40.30486821881277, -7.629118600643032, 48.66014785409388, -12.337742653391055], [-29.93842193434223, 40.304868218812764, 52.89193696208035, 11.598516434619004, 17.984685853746516, 16.555366385810235], [122.5233189666154, -7.629118600643032, 11.598516434619002, 68.91658957687724, -18.567458957417674, 44.41471650519407], [-49.93064581071021, 48.660147854093886, 17.984685853746516, -18.56745895741767, 76.28558914730691, 5.566440277372724], [27.002521266344814, -12.33774265339105, 16.555366385810235, 44.414716505194065, 5.566440277372729, 51.88281539346829]], "uncertainty": [1.9242865651955656, 0.8527375431554054, 0.7227333255883728, 0.8249834452155856, 0.4339848825258049, 0.11184463029999493], "fractional_uncertainty": [0.3959933337131968, 0.10274059050517927, 0.09112457171305173, 0.14167328998407056, 0.1255341934470198, 0.12501815960638224]}