{"cv_evtrate": [2.7854919226443156, 5.132467234633587, 6.215476145556853, 4.880636418508217, 2.121496213133902], "cv_xsec": [2.742444024409239, 5.600241926424161, 6.879694132205195, 5.289417961938358, 1.834138054446588], "covariance": [[132.7117316325231, 7.5055670530211085, 5.112842939354448, 51.97054333574131, 64.26936119538897], [7.5055670530211085, 38.48274876154089, 22.5080529607619, 27.19338571266027, 40.95841731331298], [5.112842939354447, 22.5080529607619, 59.13055792686299, 17.11332788566856, -22.102245215629196], [51.97054333574132, 27.193385712660273, 17.11332788566856, 39.51180050256255, 35.18192929362562], [64.26936119538898, 40.95841731331299, -22.102245215629196, 35.18192929362562, 159.13314960163126]], "uncertainty": [0.4579288381563356, 0.38529768971301587, 0.4495110911566835, 0.39041524921197246, 0.5014454159298608], "fractional_uncertainty": [0.16697837187578693, 0.06880018663033621, 0.06533881921471393, 0.07381062567211101, 0.2733956774486974]}