{"cv_evtrate": [152.39186997133544, 230.5315905845424, 236.26307773224232, 200.57608338104353, 220.56592557311166, 240.42241307201027], "cv_xsec": [5.365336975933133, 8.114531667852294, 8.317304360007403, 7.0616144281688555, 3.8818249981466955, 1.3224463171534278], "covariance": [[3304.7594988600113, 957.8123311337085, 882.3029712495204, 1971.0684978281897, 1358.5992391572972, 1030.9210975409412], [957.8123311337079, 2404.629190502291, 1869.7706070873467, 1049.525843849708, 1806.4893206891177, 1317.9254768656863], [882.3029712495204, 1869.7706070873467, 1996.7543556067794, 1332.3152610326615, 1237.8356022266464, 1628.7123433186239], [1971.0684978281895, 1049.5258438497083, 1332.315261032661, 1750.473218196201, 1183.0707102347142, 1457.9259234788524], [1358.5992391572975, 1806.4893206891177, 1237.8356022266464, 1183.0707102347142, 2051.6558717761463, 1212.5530822328842], [1030.9210975409417, 1317.9254768656863, 1628.7123433186237, 1457.9259234788526, 1212.5530822328844, 1731.4270758252383]], "uncertainty": [2.02354369172863, 1.7261030248564466, 1.572913994442998, 1.472720701164003, 0.7971956482305569, 0.22885730770427357], "fractional_uncertainty": [0.37715127694783757, 0.2127175166121819, 0.1891134346370845, 0.20855297554753266, 0.20536619981868398, 0.17305602861588368]}