{"cv_evtrate": [96.08453698757663, 139.8202151422059, 147.91432794688927, 134.86109210907063, 147.88988948543047, 174.29087027940807], "cv_xsec": [5.237258590220432, 7.621149594486607, 8.062333558551359, 7.350843679039675, 4.030500758852989, 1.484380303026379], "covariance": [[1767.0978239442757, 720.456935598827, 530.7439844953196, 874.9248239445961, 717.5252168941117, 354.8680394338301], [720.456935598827, 1214.7435915591902, 933.7524028848006, 564.9766428304575, 715.9615522360134, 594.8193548036625], [530.7439844953196, 933.7524028848009, 1032.1337935060442, 700.3704848379142, 502.31867723415894, 801.4844683119163], [874.924823944596, 564.9766428304574, 700.3704848379141, 850.4785986994768, 672.9746426826257, 703.0242839157345], [717.5252168941116, 715.9615522360133, 502.31867723415905, 672.9746426826257, 1038.1940183056433, 628.4716569790896], [354.8680394338302, 594.8193548036623, 801.4844683119161, 703.0242839157345, 628.4716569790896, 1041.3498064547025]], "uncertainty": [2.2912939593167003, 1.8997341178479004, 1.7511305024822998, 1.589579337615902, 0.878131951544492, 0.2748329885628261], "fractional_uncertainty": [0.43749872568737563, 0.2492713329262335, 0.2171989647618776, 0.21624447573935715, 0.21787167503086965, 0.185149983466159]}