{"true_generated": [27.613629710020682, 83.359377084922, 72.24010137815873, 53.36682864743875, 61.235284730541395, 58.823071369131526], "true_selected": [1.2398158284517329, 9.673047755940608, 10.73984726598703, 8.64635015456447, 9.282955799042387, 7.189260211681081], "reco_generated": [53.04793989291325, 62.99235709531942, 44.888364734182204, 28.971777669032463, 27.438698984670168, 18.89580231053742], "reco_selected": [5.55970032375469, 14.414801413241268, 11.545635514796253, 6.722519368895295, 5.611099112117067, 2.917521282862559], "smearing_matrix": [[1.1856955347581304, 2.889743810613478, 0.8899400835667007, 0.3528996851834014, 0.18774729392568212, 0.05367391570729787], [0.04531326046462662, 6.658017601387771, 5.451298802598602, 1.2575056838402228, 0.7730597092161237, 0.22960635573394902], [0.0, 0.12528634393935634, 4.327743207250841, 4.919111651856165, 1.6790081013943021, 0.4856791771266491], [0.0, 0.0, 0.07086517257093136, 2.072812715202165, 3.98029801230934, 0.598543468812932], [0.0, 0.0, 0.0, 0.044020418482474205, 2.633716504305709, 2.9333621893287627], [0.0, 0.0, 0.0, 0.0, 0.029126177891160506, 2.8883951049713175]]}