{"true_generated": [303.0082504707649, 91.23088504274546, 40.45181495852], "true_selected": [41.17151269061397, 13.685526326755571, 4.595405195978444], "reco_generated": [151.92187561109438, 80.04640747271628, 35.22291107005242], "reco_selected": [41.89398613776621, 13.568162876679004, 3.9902951989027926], "smearing_matrix": [[37.82309922312731, 3.5743832258602284, 0.4965036887786217], [3.055118209423559, 9.03486568137063, 1.478178985884714], [0.29329525806302803, 1.0762774195246818, 2.6207225213150602]], "true_generated_sumw2": [4.433527134248087, 2.3727470042244594, 0.6072488280193014]}