{"true_generated": [303.0082504836369, 91.23088509185158, 40.451814934880986], "true_selected": [41.17151269061397, 13.685526326755571, 4.595405195978444], "reco_generated": [151.92187563651214, 80.04640749344185, 35.22291106080036], "reco_selected": [41.89398613776621, 13.568162876679004, 3.9902951989027926], "smearing_matrix": [[37.82309922312731, 3.055118209423559, 0.29329525806302803], [3.5743832258602284, 9.03486568137063, 1.0762774195246818], [0.4965036887786217, 1.478178985884714, 2.6207225213150602]]}