{"true_generated": [86.70585209101098, 84.18596279264436, 113.05137879694894, 83.55489015759213, 67.19286663383161], "true_selected": [8.04297326455412, 12.810857396958326, 16.701996150653365, 12.565046849032854, 9.331570552149266], "reco_generated": [46.99920190153418, 39.745041286686785, 51.76334322933491, 41.97816341711899, 58.78358136052702], "reco_selected": [9.031789759787433, 12.184211459744464, 16.50478602704773, 12.462804634782422, 9.268852331985855], "smearing_matrix": [[6.972926443346509, 1.042402861820375, 0.10764973647020995, 0.35222093960290324, 0.5565897785474463], [0.7663715761073365, 9.831095647864618, 1.035045455488711, 0.28725005582876967, 0.26444872445500706], [0.12167041513733558, 1.4485734339751435, 13.648305472770906, 1.0949998753434946, 0.19123682982083995], [0.048571646104265426, 0.2238464564076737, 1.7128476855349646, 9.714138653927055, 0.7634001928083702], [0.1334331838586853, 0.26493899689050787, 0.1981478003885614, 1.1164373243305532, 7.555895026517609]], "true_generated_sumw2": [1.44256923343764, 1.2387397354669072, 1.6410377832323184, 1.4847474717927045, 1.6064287425622539]}