{"true_generated": [86.70585213963321, 84.18596278495926, 113.05137878412566, 83.55489016080662, 67.19286664084325], "true_selected": [8.04297326455412, 12.810857396958326, 16.701996150653365, 12.565046849032854, 9.331570552149266], "reco_generated": [46.99920191796218, 39.74504129322804, 51.7633431993504, 41.97816344247326, 58.78358137335812], "reco_selected": [9.031789759787433, 12.184211459744464, 16.50478602704773, 12.462804634782422, 9.268852331985855], "smearing_matrix": [[6.972926443346509, 0.7663715761073365, 0.12167041513733558, 0.048571646104265426, 0.1334331838586853], [1.042402861820375, 9.831095647864618, 1.4485734339751435, 0.2238464564076737, 0.26493899689050787], [0.10764973647020995, 1.035045455488711, 13.648305472770906, 1.7128476855349646, 0.1981478003885614], [0.35222093960290324, 0.28725005582876967, 1.0949998753434946, 9.714138653927055, 1.1164373243305532], [0.5565897785474463, 0.26444872445500706, 0.19123682982083995, 0.7634001928083702, 7.555895026517609]]}