{"htrue_signal": [35.69293573535566, 98.67964697200694, 89.1953997755906, 67.36697338622415, 75.71671085865393, 67.85467562631032], "hreco": [6.962881355995974, 18.16041002459981, 15.368517612527267, 8.267385100042397, 7.364255493892898, 3.328994626289557], "response_matrix": [[1.4565206648738747, 3.654385379801072, 1.193620784469273, 0.41047653788503885, 0.1890858176659931, 0.05879217130071913], [0.030319696991809083, 7.938530918000244, 7.345316965017484, 1.6510637015749907, 0.9629316516107622, 0.23224709140449115], [0.0, 0.2174326310744991, 5.717594678807671, 6.709544737878373, 2.1644130244506714, 0.5507255070870253], [0.0, 0.0, 0.04492525582467364, 2.6246801459170865, 4.949330719572794, 0.6484489787279399], [0.0, 0.0, 0.0, 0.05473223158902182, 3.670404201573573, 3.63911906073034], [0.0, 0.0, 0.0, 0.0, 0.03153233117577443, 3.297462295113664]]}