{"true_generated": [57.16908120756159, 74.04440876334047, 79.86031164494085, 66.53155318613591, 67.03091561367938, 50.77815211421864, 39.04057501992531], "true_selected": [4.066288783745512, 10.289314233434116, 13.74443005251508, 11.426089566737044, 9.596831476026928, 6.440453157362903, 3.889036943526243], "reco_generated": [102.51539835274822, 67.3505351218262, 56.94368899314813, 39.89775249378033, 39.10413367014286, 28.73309685634797, 23.34679262699808], "reco_selected": [7.818600261131813, 13.590681427828834, 13.144863199488825, 9.284543388563868, 8.220952712328796, 4.855432323619546, 2.5373709003862146], "smearing_matrix": [[3.6286974894333035, 0.41831355760883904, 0.009645423815059803, 0.009632312888310963, 0.0, 0.0, 0.0], [2.4313310981408103, 6.625419486054768, 1.1986785577968577, 0.03388509144170048, 0.0, 0.0, 0.0], [1.16473052005195, 4.0141523078342445, 7.106153253190701, 1.3978255786904978, 0.0535745427216315, 0.007993850026027104, 0.0], [0.34023050435011026, 1.5341686029395711, 3.1220182658986286, 4.7809641604323145, 1.6300606955138621, 0.018647337602604085, 0.0], [0.19207018040641088, 0.6301889494393818, 1.250495840715618, 2.367221625568616, 4.3931965785371965, 0.7636583013598149, 0.0], [0.04674909389887428, 0.28629981691266176, 0.36805484489545365, 0.5767259463076463, 1.9013260169383506, 2.9760856137383147, 0.28521182467153583], [0.014791374850350723, 0.0821387070393496, 0.08981701317648602, 0.11828867323474637, 0.24279487861783522, 1.089047220892802, 2.252159075714595]]}