{"true_generated": [35.79697014577466, 98.7587588278773, 89.25066645659538, 67.16628795932888, 75.6924029157829, 67.79336410420746], "true_selected": [1.5016369890060184, 11.823510967384951, 14.383185038666769, 11.349618367876381, 11.974157042745901, 8.420335807667833], "reco_generated": [64.24563047134697, 76.54790858750442, 55.61383607652738, 36.13236003330246, 33.51392637666817, 21.427722170928575], "reco_selected": [6.962881355995974, 18.16041002459981, 15.368517612527267, 8.267385100042397, 7.364255493892898, 3.328994626289557], "smearing_matrix": [[1.4625102587852334, 0.030319696991809083, 0.008807033228975854, 0.0, 0.0, 0.0], [3.648395785889713, 7.957682550420767, 0.2174326310744991, 0.0, 0.0, 0.0], [1.193620784469273, 7.326165332596961, 5.818473665775829, 0.04492525582467364, 0.0, 0.0], [0.41047653788503885, 1.6510637015749907, 6.608665750910216, 2.6246801459170865, 0.05473223158902182, 0.0], [0.1890858176659931, 0.9629316516107622, 2.1644130244506714, 4.949330719572794, 3.676863498270043, 0.03153233117577443], [0.05879217130071913, 0.23224709140449115, 0.5507255070870253, 0.6484489787279399, 3.63265976403387, 3.297462295113664]]}