{"true_generated": [58.52696466121327, 170.6374156539938, 158.88184311745152, 114.64588074860472, 156.09054360211604, 206.52774060890863], "true_selected": [2.5876878777147083, 17.934875452570243, 20.0571191719345, 16.182525958945504, 21.331982139741548, 20.683397752649626], "reco_generated": [118.28211622784198, 135.39360708895265, 100.51286763879853, 71.14043502457264, 81.81420325035435, 72.21663414740738], "reco_selected": [11.773916187001142, 27.387437521759914, 21.772309396641155, 14.534751866900585, 14.138753225993568, 9.17042015525982], "smearing_matrix": [[2.4926084092096352, 0.09507946850507368, 0.0, 0.0, 0.0, 0.0], [5.671667793694602, 12.176071118235834, 0.06665931450308477, 0.02047722613673303, 0.0, 0.0], [2.2995631679714474, 9.198419218560295, 8.407853700218116, 0.15128308518459152, 0.0, 0.0], [0.5555394838253932, 3.346203248380932, 8.319876143328143, 3.8678475492560516, 0.09305953415504493, 0.0], [0.6031875645121036, 1.7506927418886422, 3.87951636378761, 8.843560863540205, 6.255024606013106, 0.0], [0.15134976778795725, 0.8209717261891092, 1.0984038748041474, 1.651583142783034, 7.790669085825508, 9.170420155259853]]}