{"true_generated": [600.155203769441, 174.7102509014834, 90.68215853157074], "true_selected": [67.04095403032134, 22.779766656248484, 8.956867666986582], "reco_generated": [297.87385320010037, 164.3543031143522, 74.8263441601681], "reco_selected": [67.58276597801456, 24.668278043949982, 6.526544331591765], "smearing_matrix": [[61.84703869163041, 4.850245140592473, 0.8854821457918145], [4.820305089587873, 16.453025587415706, 3.394947366946258], [0.3736102491031327, 1.4764959282402306, 4.676438154248449]], "true_generated_sumw2": [26.749316374063376, 12.008621394578663, 3.413683324899698]}