{"true_generated": [96.72319487214119, 127.73280711080352, 136.2799760091474, 112.41314894684808, 129.67823600510712, 120.11688561242465, 142.5468461797974], "true_selected": [6.144729940086613, 15.316990793517189, 20.090001443031245, 15.900846499483642, 17.120121126185836, 12.135349748758799, 12.069548802492932], "reco_generated": [187.92253898857908, 119.87203096773806, 97.26796760331086, 75.08796488202142, 81.74062869220631, 70.77403045352196, 78.66094557354108], "reco_selected": [12.831184321813415, 20.66059393738913, 18.28708890183146, 14.677051746764185, 14.840225728208637, 9.745312637277664, 7.736131080271733], "smearing_matrix": [[5.449050471374602, 0.6849603141969032, 0.01071915451510936, 0.0, 0.0, 0.0, 0.0], [4.6073788537935085, 9.091280846100533, 1.5900611600428152, 0.00779270744360128, 0.02047722613673303, 0.0, 0.0], [1.6746753840802309, 6.806482928634751, 9.24917166314415, 2.315424885631867, 0.044246581540228036, 0.0, 0.0], [0.4888741522153469, 1.8558821895758901, 4.7083341596740365, 6.563906273880515, 2.2505045287269128, 0.0333451954109152, 0.0], [0.4455923777484973, 1.3302025628556065, 1.8147925837519772, 4.365531785399957, 8.134884550711757, 1.0291172657180183, 0.0], [0.1343819814633524, 0.6172702971778871, 0.5794070021619626, 0.8217356378386979, 3.2914690366664, 6.077085132534568, 0.614000660915891], [0.031231101137871822, 0.2745147988475666, 0.33460317854137794, 0.60266045656945, 1.0986438044265534, 2.6057650436143, 7.122130419355871]]}