{"true_generated": [95.49250415945812, 127.73280716936118, 136.27997603701724, 112.41314895197871, 129.6782359945811, 120.11688557043954, 142.54684609801348], "true_selected": [6.144729940086613, 15.316990793517189, 20.090001443031245, 15.900846499483642, 17.120121126185836, 12.135349748758799, 12.069548802492932], "reco_generated": [187.92253908057086, 119.87203091478966, 97.26796762639958, 75.08796487466464, 81.74062864528071, 70.7740304162221, 78.66094554622339], "reco_selected": [12.831184321813415, 20.66059393738913, 18.28708890183146, 14.677051746764185, 14.840225728208637, 9.745312637277664, 7.736131080271733], "smearing_matrix": [[5.449050471374602, 4.6073788537935085, 1.6746753840802309, 0.4888741522153469, 0.4455923777484973, 0.1343819814633524, 0.031231101137871822], [0.6849603141969032, 9.091280846100533, 6.806482928634751, 1.8558821895758901, 1.3302025628556065, 0.6172702971778871, 0.2745147988475666], [0.01071915451510936, 1.5900611600428152, 9.24917166314415, 4.7083341596740365, 1.8147925837519772, 0.5794070021619626, 0.33460317854137794], [0.0, 0.0, 2.315424885631867, 6.563906273880515, 4.365531785399957, 0.8217356378386979, 0.60266045656945], [0.0, 0.02047722613673303, 0.044246581540228036, 2.2505045287269128, 8.134884550711757, 3.2914690366664, 1.0986438044265534], [0.0, 0.0, 0.0, 0.0333451954109152, 1.0291172657180183, 6.077085132534568, 2.6057650436143], [0.0, 0.0, 0.0, 0.0, 0.0, 0.614000660915891, 7.122130419355871]], "true_generated_sumw2": [5.95481880563176, 5.306880724725038, 6.89924935127753, 5.637073782229672, 6.550973479032864, 4.837164306174684, 5.552424114940201]}