{"true_generated": [46.86988897641078, 144.79574765163153, 130.8699767515748, 93.6582533840346, 127.10672857337272, 182.11814609527892], "true_selected": [2.2641579511296106, 14.482519648289966, 16.45250707941772, 12.659018801368944, 16.20218999529208, 18.633732541179903], "reco_generated": [96.66146395417408, 113.47994748733151, 83.65461812158168, 57.7235761333136, 69.3085672358045, 64.23579684968013], "reco_selected": [9.598585621738543, 22.393625701393844, 17.10465198703845, 11.14339534218687, 11.980556076370775, 8.473311287949826], "smearing_matrix": [[2.166147066364602, 4.663194975458295, 1.6980843281760134, 0.5571297182296964, 0.3728429035492109, 0.14118662996072356], [0.0980108847650085, 9.74650475346001, 7.820788376744063, 2.524704735282946, 1.449995574434347, 0.7536213767074167], [0.0, 0.0552944828454364, 6.796879861876594, 6.226065488370601, 2.972000579041056, 1.054411574904784], [0.0, 0.017525436526226013, 0.13675451262105343, 3.26526617484075, 6.186898016086726, 1.5369512021120568], [0.0, 0.0, 0.0, 0.08585268464502571, 5.220452922180693, 6.674250469545038], [0.0, 0.0, 0.0, 0.0, 0.0, 8.473311287949885]]}