{"true_generated": [156.13248741087676, 156.76081263116606, 230.85493514929317, 179.22043860979306, 142.62855055275782], "true_selected": [12.805041911592857, 20.35529929725425, 30.75470678768761, 20.001879682870957, 14.860660674150608], "reco_generated": [92.90446518228595, 74.65156889266558, 102.24168132402326, 86.47331957760605, 127.86334669936707], "reco_selected": [13.526644271495746, 20.11637039067709, 29.83478141061555, 20.66457337365727, 14.635218907110655], "smearing_matrix": [[10.87177214742546, 1.5664142833905816, 0.14852327621704411, 0.09837669534032316, 0.11995550921947089], [1.469017791256622, 15.960004159660818, 2.5168504114875123, 0.1188136576267862, 0.2906132772224647], [0.6583681551680458, 1.9885610842893895, 24.73028609011515, 3.0219221859426297, 0.3555692721725076], [0.2269620879515657, 0.0839815375452358, 2.1320014475539386, 16.14432046151331, 1.4146141483068626], [0.3005240896940662, 0.5174093257910011, 0.30712018524200146, 1.281140373234163, 12.454466700189348]]}