{"true_generated": [156.1324872404737, 156.76081267181783, 230.85493516289938, 179.22043859030907, 142.62855052654936], "true_selected": [12.805041911592857, 20.35529929725425, 30.75470678768761, 20.001879682870957, 14.860660674150608], "reco_generated": [92.90446509703935, 74.65156892662748, 102.24168139147594, 86.4733194310412, 127.86334666096798], "reco_selected": [13.526644271495746, 20.11637039067709, 29.83478141061555, 20.66457337365727, 14.635218907110655], "smearing_matrix": [[10.87177214742546, 1.469017791256622, 0.6583681551680458, 0.2269620879515657, 0.3005240896940662], [1.5664142833905816, 15.960004159660818, 1.9885610842893895, 0.0839815375452358, 0.5174093257910011], [0.14852327621704411, 2.5168504114875123, 24.73028609011515, 2.1320014475539386, 0.30712018524200146], [0.09837669534032316, 0.1188136576267862, 3.0219221859426297, 16.14432046151331, 1.281140373234163], [0.11995550921947089, 0.2906132772224647, 0.3555692721725076, 1.4146141483068626, 12.454466700189348]], "true_generated_sumw2": [8.992897995549573, 6.963746879539974, 10.136673517286804, 8.040010572364732, 8.040108748480412]}