{"true_generated": [600.1552038626833, 174.71025092322225, 90.682158579408], "true_selected": [67.04095403032134, 22.779766656248484, 8.956867666986582], "reco_generated": [297.87385329847416, 164.35430319316174, 74.82634419638248], "reco_selected": [67.58276597801456, 24.668278043949982, 6.526544331591765], "smearing_matrix": [[61.84703869163041, 4.820305089587873, 0.3736102491031327], [4.850245140592473, 16.453025587415706, 1.4764959282402306], [0.8854821457918145, 3.394947366946258, 4.676438154248449]]}