{"true_generated": [82.23770011995826, 124.73920239541668, 212.5569673623425, 249.00424689434038, 124.27797695450238, 72.78113046548913], "true_selected": [4.760848880048882, 13.635733369556739, 28.384626903096013, 31.217084736234384, 14.184608597028458, 6.5946858675918065], "reco_generated": [55.609040553367095, 61.25589729089819, 100.66913697290482, 113.54910305266787, 67.10405124841475, 85.94715238889921], "reco_selected": [6.250257641542026, 13.564297135905411, 27.27807475514324, 31.26600684546817, 13.778491524749427, 6.640460450748037], "smearing_matrix": [[4.24155612939444, 1.0939196233863413, 0.5460632615834062, 0.11759156405381885, 0.16327880752914425, 0.08784825559487834], [0.3665240320765102, 10.979200943672524, 1.7832709418532249, 0.1148523909448082, 0.15967588511169595, 0.1607729422466362], [0.07252829169797313, 1.228296193749774, 23.205519985780203, 2.210504791673821, 0.25991143776058906, 0.3013140544809496], [0.020221456582200217, 0.17777755999312356, 2.4385663140714824, 26.621551953370687, 1.7848197912971577, 0.22306977015331922], [0.06001897029775979, 0.057431439175255825, 0.22567375491351252, 1.8725520378279006, 10.935756668105151, 0.6270586544299985], [0.0, 0.09910760957973401, 0.18553264489421248, 0.2800319983632531, 0.881166007224747, 5.19462219068603]]}