{"htrue_signal": [58.36042069349483, 170.23692704038365, 159.06479151731, 114.77423501007581, 156.1971464808052, 206.67686748803544], "hreco": [11.773916187001142, 27.387437521759914, 21.772309396641155, 14.534751866900585, 14.138753225993568, 9.17042015525982], "response_matrix": [[2.472725422146305, 5.6770793580070205, 2.314034590722359, 0.5555394838253932, 0.6031875645121036, 0.15134976778795725], [0.09507946850507368, 12.1279925062724, 9.24649783052373, 3.3380470242660536, 1.7588489660035205, 0.8209717261891092], [0.0, 0.06337308535656616, 8.411139929364635, 8.311641128621227, 3.8877513784945266, 1.0984038748041474], [0.0, 0.02047722613673303, 0.15128308518459152, 3.8298044673065936, 8.881603945489665, 1.651583142783034], [0.0, 0.0, 0.0, 0.09305953415504493, 6.249275370547604, 7.796418321291009], [0.0, 0.0, 0.0, 0.0, 0.0, 9.170420155259853]]}