{"ppfx": [[17.44430916160524, 24.485467938546325, 19.595311916710884, 14.658175676980658, 12.607317934176185, 7.516259790286706, 4.534633912337741], [24.485467938546325, 35.451098045550985, 28.556007091009857, 20.58358406002895, 18.274166515141133, 10.962979085391643, 6.316087164277272], [19.595311916710884, 28.556007091009857, 23.987624054856724, 16.68842581496274, 15.320520978253834, 9.196070718243819, 5.14392481480997], [14.658175676980658, 20.58358406002895, 16.68842581496274, 13.434993506243059, 10.772456071703962, 6.361494634988678, 4.203897241008505], [12.607317934176185, 18.274166515141133, 15.320520978253834, 10.772456071703962, 10.216792344354134, 5.97263074827756, 3.341249093435057], [7.516259790286706, 10.962979085391643, 9.196070718243819, 6.361494634988678, 5.97263074827756, 3.685538582195986, 2.000123132964348], [4.534633912337741, 6.316087164277272, 5.14392481480997, 4.203897241008505, 3.341249093435057, 2.000123132964348, 1.582080272440753]], "beamline": [[0.38120884173009273, 0.5336918254397839, 0.5630733044158847, 0.5446871749779525, 0.5377833784561765, 0.3436111560017421, -0.07181817969290488], [0.5336918254397839, 0.8603550694771166, 0.8309714051753825, 0.7344977433589505, 0.7271536292692671, 0.5336500059161601, 0.0658942731271528], [0.5630733044158847, 0.8309714051753825, 0.9505688607854396, 0.8877099371550712, 0.8035796913633533, 0.49948315260604786, -0.15953274937140977], [0.5446871749779525, 0.7344977433589505, 0.8877099371550712, 0.9183503148694052, 0.8537905713909254, 0.46558294254797655, -0.33156438651840325], [0.5377833784561765, 0.7271536292692671, 0.8035796913633533, 0.8537905713909254, 0.9011304177030031, 0.5410936879534928, -0.211275576334311], [0.3436111560017421, 0.5336500059161601, 0.49948315260604786, 0.46558294254797655, 0.5410936879534928, 0.44984660014412703, 0.11806739357785906], [-0.07181817969290488, 0.0658942731271528, -0.15953274937140977, -0.33156438651840325, -0.211275576334311, 0.11806739357785906, 0.8802131983127504]], "genie_ms": [[4.509225103770583, 2.268826281104568, 2.6835664309113434, 1.6978807055360798, 2.7576237720744414, 1.2858190311159712, 0.838983029244941], [2.268826281104568, 2.608245173479155, 2.4339918865640624, 1.5322439069644451, 2.048108747445789, 1.5470064878349998, 0.776833288902337], [2.6835664309113434, 2.4339918865640624, 3.4275946427984096, 1.9671848087051158, 3.007308804094196, 1.9845861405241207, 1.1141077928839198], [1.6978807055360798, 1.5322439069644451, 1.9671848087051158, 1.5357180797149173, 1.9240607898165978, 1.3608071707960845, 0.6709555450042272], [2.7576237720744414, 2.048108747445789, 3.007308804094196, 1.9240607898165978, 3.975036043746807, 1.905199582710651, 1.2364074194170516], [1.2858190311159712, 1.5470064878349998, 1.9845861405241207, 1.3608071707960845, 1.905199582710651, 1.8654262603894087, 0.9637015968125753], [0.838983029244941, 0.776833288902337, 1.1141077928839198, 0.6709555450042272, 1.2364074194170516, 0.9637015968125753, 0.8552149347021265]], "genie_us": [[0.5827259007263148, 0.04620203068458248, -0.2019248477277422, -0.09708870410343787, -0.2699384461207013, -0.18788805046623336, 0.03701915793331988], [0.04620203068458248, 1.9349000547770503, 2.033398279197076, -0.3198131761342369, 0.8868206180899944, 0.44055287793525016, -0.13876175171840996], [-0.2019248477277422, 2.033398279197076, 2.26401804233105, -0.32038913162199084, 1.0447651191340432, 0.5616835592943537, -0.17212368310175977], [-0.09708870410343787, -0.3198131761342369, -0.32038913162199084, 0.2478008495172777, 0.02610894374595613, 0.010717788556373413, 0.10702870465358952], [-0.2699384461207013, 0.8868206180899944, 1.0447651191340432, 0.02610894374595613, 0.6448856552450274, 0.34208836576574253, -0.01788724912281796], [-0.18788805046623336, 0.44055287793525016, 0.5616835592943537, 0.010717788556373413, 0.34208836576574253, 0.21282303227088864, -0.01730096662089795], [0.03701915793331988, -0.13876175171840996, -0.17212368310175977, 0.10702870465358952, -0.01788724912281796, -0.01730096662089795, 0.06424962287032841]], "geant4": [[0.2711157718891673, -0.053098695391214486, -0.3010347597594665, -0.1706388965254848, -0.13341367538402318, -0.16006289475931268, -0.09283558487829299], [-0.053098695391214486, 0.1635939528801092, 0.2721412026723361, 0.16697777902920605, 0.14326104797358102, 0.09640421713349481, 0.0645171257586319], [-0.3010347597594665, 0.2721412026723361, 0.6494253403469882, 0.3811750606973621, 0.3208980394557681, 0.28249143238650876, 0.17207472587956485], [-0.1706388965254848, 0.16697777902920605, 0.3811750606973621, 0.22575698523391158, 0.18915253059195394, 0.16191594825335817, 0.10015309947605751], [-0.13341367538402318, 0.14326104797358102, 0.3208980394557681, 0.18915253059195394, 0.1606736049240014, 0.13585142472536332, 0.08374318647279028], [-0.16006289475931268, 0.09640421713349481, 0.28249143238650876, 0.16191594825335817, 0.13585142472536332, 0.1333647677364653, 0.07792951639973358], [-0.09283558487829299, 0.0645171257586319, 0.17207472587956485, 0.10015309947605751, 0.08374318647279028, 0.07792951639973358, 0.04724429975280489]], "detector": [[4.259257299459618, 0.0, 0.0, 0.0, 0.0, 0.0, 0.0], [0.0, 11.718076249732091, 0.0, 0.0, 0.0, 0.0, 0.0], [0.0, 0.0, 9.86837246333689, 0.0, 0.0, 0.0, 0.0], [0.0, 0.0, 0.0, 5.735011297322154, 0.0, 0.0, 0.0], [0.0, 0.0, 0.0, 0.0, 5.312094822621784, 0.0, 0.0], [0.0, 0.0, 0.0, 0.0, 0.0, 2.1293784512644516, 0.0], [0.0, 0.0, 0.0, 0.0, 0.0, 0.0, 1.0542408591924064]], "pot_counting": [[0.1705654416192237, 0.28291258354562415, 0.25962521622683954, 0.19792071159715852, 0.19048334732137556, 0.12060089540972815, 0.08485824134492412], [0.28291258354562415, 0.4692599460278878, 0.43063377891226995, 0.3282860779040109, 0.3159499099085678, 0.2000376546056228, 0.14075221842198077], [0.25962521622683954, 0.43063377891226995, 0.3951870452826607, 0.30126388473754473, 0.2899431430332047, 0.18357196657574387, 0.1291664891120723], [0.19792071159715852, 0.3282860779040109, 0.30126388473754473, 0.2296632172804143, 0.2210330492000806, 0.1399428560214138, 0.09846779835604097], [0.19048334732137556, 0.3159499099085678, 0.2899431430332047, 0.2210330492000806, 0.21272718120565867, 0.1346841542431829, 0.09476762529230018], [0.12060089540972815, 0.2000376546056228, 0.18357196657574387, 0.1399428560214138, 0.1346841542431829, 0.08527270140746336, 0.06000031302905638], [0.08485824134492412, 0.14075221842198077, 0.1291664891120723, 0.09846779835604097, 0.09476762529230018, 0.06000031302905638, 0.04221793732536383]], "dirt": [[0.024125554240211945, 0.0, 0.0, 0.0, 0.0, 0.0, 0.0], [0.0, 0.0, 0.0, 0.0, 0.0, 0.0, 0.0], [0.0, 0.0, 0.0, 0.0, 0.0, 0.0, 0.0], [0.0, 0.0, 0.0, 0.0, 0.0, 0.0, 0.0], [0.0, 0.0, 0.0, 0.0, 0.0, 0.0, 0.0], [0.0, 0.0, 0.0, 0.0, 0.0, 0.0, 0.0], [0.0, 0.0, 0.0, 0.0, 0.0, 0.0, 0.0]], "response_matrix": [[0.7193292511569404, 0.03208130273703286, 0.10067895454644943, 0.019675782140881632, 0.0033854125403552995, -0.016021508776323204, 0.021385888511237173], [0.03208130273703286, 1.2963599725091033, 0.07685398576795054, 0.14220620107052515, 0.04847671165962991, 0.016792685290205948, -0.0074890559187651366], [0.10067895454644943, 0.07685398576795054, 1.3849130860468084, 0.10821566486258001, 0.13627950385476761, -0.027627048146371798, 0.019675420056073815], [0.019675782140881632, 0.14220620107052515, 0.10821566486258001, 0.9379080877930684, 0.04402115215728843, 0.035738956109917404, 0.023492343856238915], [0.0033854125403552995, 0.04847671165962991, 0.13627950385476761, 0.04402115215728843, 1.2203158091420785, 0.02508284440708161, 0.018260345651719738], [-0.016021508776323204, 0.016792685290205948, -0.027627048146371798, 0.035738956109917404, 0.02508284440708161, 0.454645141092687, -0.007791427352956028], [0.021385888511237173, -0.0074890559187651366, 0.019675420056073815, 0.023492343856238915, 0.018260345651719738, -0.007791427352956028, 0.3059833941941896]],