{"ppfx": [[2.275419666745618, 2.8934683190721087, 2.807933458543556, 2.292280519624257, 1.606424981555565, 0.8540224850829562, 0.4805883382809772], [2.8934683190721087, 4.0899518992981525, 3.946822970287409, 2.9740513796843793, 2.2857081070933907, 1.251261896401427, 0.6592010212810957], [2.807933458543556, 3.946822970287409, 4.028801209608312, 2.892084285793133, 2.2840552753501977, 1.2594605181103797, 0.669683969484493], [2.292280519624257, 2.9740513796843793, 2.892084285793133, 2.6201485260892774, 1.6659793451535978, 0.8593106003247882, 0.5353474761686905], [1.606424981555565, 2.2857081070933907, 2.2840552753501977, 1.6659793451535978, 1.3380600492981438, 0.7300552724091607, 0.38635135966485457], [0.8540224850829562, 1.251261896401427, 1.2594605181103797, 0.8593106003247882, 0.7300552724091607, 0.42541614476595024, 0.2050797845310772], [0.4805883382809772, 0.6592010212810957, 0.669683969484493, 0.5353474761686905, 0.38635135966485457, 0.2050797845310772, 0.14246941056003004]], "beamline": [[0.05523954384401038, 0.09738402729006682, 0.09387502864816717, 0.06995681628116612, 0.07726107508206924, 0.04548717215260641, 0.01890129841182728], [0.09738402729006682, 0.1824264443664581, 0.18224740351024143, 0.13565869307274167, 0.14673331190293015, 0.08703668034976278, 0.03233592986871636], [0.09387502864816717, 0.18224740351024143, 0.1951727161735703, 0.14118357215421345, 0.14507175249752374, 0.08407770715655304, 0.03182950886877858], [0.06995681628116612, 0.13565869307274167, 0.14118357215421345, 0.13590212362474818, 0.17754888407478125, 0.09382782892283485, 0.01370984546757341], [0.07726107508206924, 0.14673331190293015, 0.14507175249752374, 0.17754888407478125, 0.28610781572346583, 0.14971307500924536, 0.0021967619606444583], [0.04548717215260641, 0.08703668034976278, 0.08407770715655304, 0.09382782892283485, 0.14971307500924536, 0.09175963196737581, 0.008995197127437671], [0.01890129841182728, 0.03233592986871636, 0.03182950886877858, 0.01370984546757341, 0.0021967619606444583, 0.008995197127437671, 0.03982503898312307]], "genie_ms": [[0.4692455139453257, 0.23824479483753186, 0.2846839613889137, 0.1244002854524833, 0.2604568534160661, 0.14676746032823493, 0.11041402463547006], [0.23824479483753186, 0.27605985794421634, 0.2782723955035514, 0.14670829682861058, 0.15526084684489133, 0.10924508893595469, 0.05697088332842819], [0.2846839613889137, 0.2782723955035514, 0.49283290861869156, 0.20530286548208804, 0.2754431468958863, 0.17258211076986166, 0.09689060435967126], [0.1244002854524833, 0.14670829682861058, 0.20530286548208804, 0.2153666188878112, 0.15282471421574037, 0.13837564464594124, 0.06709572386450717], [0.2604568534160661, 0.15526084684489133, 0.2754431468958863, 0.15282471421574037, 0.4177551075877048, 0.1977214850319751, 0.14655572300525413], [0.14676746032823493, 0.10924508893595469, 0.17258211076986166, 0.13837564464594124, 0.1977214850319751, 0.2148277747167774, 0.07317458542365755], [0.11041402463547006, 0.05697088332842819, 0.09689060435967126, 0.06709572386450717, 0.14655572300525413, 0.07317458542365755, 0.0808690093718062]], "genie_us": [[0.454461252235222, 0.20427912296041195, -0.15127044309880674, -0.17790336979393334, 0.12104861596002729, 0.060761984195142546, -0.04251861405184508], [0.20427912296041195, 0.12893465000643253, -0.050541791720091406, -0.04916493438190151, 0.08704405627381454, 0.04856873217839713, -0.015205188213581515], [-0.15127044309880674, -0.050541791720091406, 0.06428160263707071, 0.08045741283253544, -0.026012311013452045, -0.011352038510018318, 0.02210221453823856], [-0.17790336979393334, -0.04916493438190151, 0.08045741283253544, 0.10569514898993229, -0.023304085268796928, -0.010795101086769678, 0.02888748314280886], [0.12104861596002729, 0.08704405627381454, -0.026012311013452045, -0.023304085268796928, 0.06396231247508426, 0.039385648831607514, -0.008231063036848528], [0.060761984195142546, 0.04856873217839713, -0.011352038510018318, -0.010795101086769678, 0.039385648831607514, 0.027412102466112413, -0.00442578955436588], [-0.04251861405184508, -0.015205188213581515, 0.02210221453823856, 0.02888748314280886, -0.008231063036848528, -0.00442578955436588, 0.01573303023678167]], "geant4": [[0.019000308480750874, -0.0064586809838123125, -0.0058470100241545895, 0.002041274912451038, 0.0015319055652218043, 0.016650867325642887, -0.0027713908424046537], [-0.0064586809838123125, 0.009228648663542753, 0.022266046543821676, 0.013738454483617636, 0.014191820758682446, 0.0029541465632406593, 0.006485003773149794], [-0.0058470100241545895, 0.022266046543821676, 0.06252271835118112, 0.042783651341242776, 0.04304964351958108, 0.02040805953590813, 0.01737701824952461], [0.002041274912451038, 0.013738454483617636, 0.042783651341242776, 0.03139979164354244, 0.031140298074944298, 0.020051322745483307, 0.011556280878096573], [0.0015319055652218043, 0.014191820758682446, 0.04304964351958108, 0.031140298074944298, 0.03175656968995991, 0.019694783158588563, 0.011633834732022482], [0.016650867325642887, 0.0029541465632406593, 0.02040805953590813, 0.020051322745483307, 0.019694783158588563, 0.025406544996029054, 0.00454273288664142], [-0.0027713908424046537, 0.006485003773149794, 0.01737701824952461, 0.011556280878096573, 0.011633834732022482, 0.00454273288664142, 0.004926749366027082]], "detector": [[0.9079284868003732, 0, 0, 0, 0, 0, 0], [0, 2.7433175804948067, 0, 0, 0, 0, 0], [0, 0, 2.5662901964209994, 0, 0, 0, 0], [0, 0, 0, 1.2803087776372273, 0, 0, 0], [0, 0, 0, 0, 1.0037785783814503, 0, 0], [0, 0, 0, 0, 0, 0.3501462113461258, 0], [0, 0, 0, 0, 0, 0, 0.09562281735136949]], "pot_counting": [[0.024452204070883426, 0.04250404215989368, 0.04110977244075617, 0.029036853392909446, 0.025710537257925735, 0.015185073771209137, 0.007935475551615489], [0.04250404215989368, 0.07388264856178053, 0.07145905931180162, 0.05047330855022942, 0.04469133974166572, 0.026395453510103577, 0.013793839869277864], [0.04110977244075617, 0.07145905931180162, 0.06911497160876172, 0.04881762118121319, 0.04322531960468477, 0.02552959747190386, 0.013341357416714487], [0.029036853392909446, 0.05047330855022942, 0.04881762118121319, 0.03448109841211772, 0.030531116902475355, 0.018032188819336326, 0.009423332126924758], [0.025710537257925735, 0.04469133974166572, 0.04322531960468477, 0.030531116902475352, 0.027033625442309882, 0.015966511805122447, 0.008343842511608714], [0.015185073771209135, 0.026395453510103577, 0.025529597471903857, 0.018032188819336322, 0.015966511805122447, 0.009430089196402362, 0.004928013086738244], [0.007935475551615489, 0.013793839869277864, 0.013341357416714487, 0.009423332126924758, 0.008343842511608714, 0.004928013086738244, 0.00257530045339639]], "dirt": [[0.024125554240211945, 0.0, 0.0, 0.0, 0.0, 0.0, 0.0], [0.0, 0.0, 0.0, 0.0, 0.0, 0.0, 0.0], [0.0, 0.0, 0.0, 0.0, 0.0, 0.0, 0.0], [0.0, 0.0, 0.0, 0.0, 0.0, 0.0, 0.0], [0.0, 0.0, 0.0, 0.0, 0.0, 0.0, 0.0], [0.0, 0.0, 0.0, 0.0, 0.0, 0.0, 0.0], [0.0, 0.0, 0.0, 0.0, 0.0, 0.0, 0.0]],