{"ppfx": [[14.384264602152143, 30.02336608021335, 19.811248839240154, 12.203996533979998, 10.508448533269531, 5.055028630715837], [30.02336608021335, 64.51034181665227, 42.295777801154465, 25.899157033943652, 22.284296538112503, 10.647135742531121], [19.811248839240154, 42.295777801154465, 28.63380977642054, 17.26539061320637, 14.890318877834586, 7.160479135624259], [12.203996533979998, 25.899157033943652, 17.26539061320637, 10.933489065620726, 9.165015911979289, 4.568162830409328], [10.508448533269531, 22.284296538112503, 14.890318877834586, 9.165015911979289, 8.122603929476671, 3.8526811172293507], [5.055028630715837, 10.647135742531121, 7.160479135624259, 4.568162830409328, 3.8526811172293507, 2.138487005107355]], "beamline": [[0.4074444374133356, 0.7136988245942137, 0.7672317775559769, 0.482898355647689, 0.5132333042900085, 0.07690149010219441], [0.7136988245942137, 1.3775444092358693, 1.4813757559540188, 0.939553732487305, 0.9293443969581915, 0.04642257871090997], [0.7672317775559769, 1.4813757559540188, 1.84491182950886, 1.1537099337893577, 1.027240508450995, -0.31932522612160463], [0.482898355647689, 0.939553732487305, 1.1537099337893577, 0.7898070024520775, 0.7279948136434226, -0.21582675911665505], [0.5132333042900085, 0.9293443969581915, 1.027240508450995, 0.7279948136434226, 0.8141842766744145, 0.0376441067061803], [0.07690149010219441, 0.04642257871090997, -0.31932522612160463, -0.21582675911665505, 0.0376441067061803, 1.0038469220654127]], "genie_ms": [[8.156200478121482, 2.727217051355019, 1.7758529821211844, 2.8322826866481083, 0.9777977795577178, 0.6950632610813615], [2.727217051355019, 3.9882059881772434, 4.1277774499586535, 2.033553363363086, 2.6624076551596727, 1.324625989166349], [1.7758529821211844, 4.1277774499586535, 6.509341681121224, 2.8337349960137748, 3.6470761316624487, 1.7392583929048362], [2.8322826866481083, 2.033553363363086, 2.8337349960137748, 3.2021161130744518, 1.1787766635666914, 0.9603339880962428], [0.9777977795577178, 2.6624076551596727, 3.6470761316624487, 1.1787766635666914, 3.397762062444495, 1.4346666629358589], [0.6950632610813615, 1.324625989166349, 1.7392583929048362, 0.9603339880962428, 1.4346666629358589, 1.196705434309402]], "genie_us": [[0.8872957343138241, -0.008767973144670042, -0.36217900995086394, -0.22102051467410763, -0.23189752830708618, -0.03158082732344091], [-0.008767973144670042, 1.321500961053088, 1.2662130132463254, 0.7483922501171429, 0.4506086197613467, 0.21410493338020298], [-0.36217900995086394, 1.2662130132463254, 3.1576473225240003, 1.6660952390589212, 1.2315922849159144, -0.18520568223770661], [-0.22102051467410763, 0.7483922501171429, 1.6660952390589212, 0.8920065010687817, 0.6486932985051957, -0.06661145768663686], [-0.23189752830708618, 0.4506086197613467, 1.2315922849159144, 0.6486932985051957, 0.4959832826270178, -0.07519619432926193], [-0.03158082732344091, 0.21410493338020298, -0.18520568223770661, -0.06661145768663686, -0.07519619432926193, 0.1319881935758169]], "geant4": [[0.063108862991355, 0.18279002591691804, 0.11617984265031839, 0.03942059935936071, 0.049488181949178506, 0.03230216457539141], [0.18279002591691804, 0.8285329005772128, 0.4748019227539837, 0.19132760226755208, 0.21010889887052633, 0.15309591648038043], [0.11617984265031839, 0.4748019227539837, 0.2817819972104499, 0.09742423388204981, 0.11654286919736921, 0.0859133662528614], [0.03942059935936071, 0.19132760226755208, 0.09742423388204981, 0.0757527893179836, 0.06493006304303396, 0.03817135171613702], [0.049488181949178506, 0.21010889887052633, 0.11654286919736921, 0.06493006304303396, 0.0645914091807626, 0.039323554441595035], [0.03230216457539141, 0.15309591648038043, 0.0859133662528614, 0.03817135171613702, 0.039323554441595035, 0.028969237188184522]], "detector": [[3.5066591487357344, 0.0, 0.0, 0.0, 0.0, 0.0], [0.0, 20.72232790985814, 0.0, 0.0, 0.0, 0.0], [0.0, 0.0, 13.778627693963347, 0.0, 0.0, 0.0], [0.0, 0.0, 0.0, 5.19342573616667, 0.0, 0.0], [0.0, 0.0, 0.0, 0.0, 4.618503602518009, 0.0], [0.0, 0.0, 0.0, 0.0, 0.0, 1.5605661636474828]], "pot_counting": [[0.14042703322668149, 0.3413683197707104, 0.2783600631807014, 0.17089560997985864, 0.16115900858657742, 0.09367960196987071], [0.3413683197707104, 0.829842567100083, 0.6766738915994571, 0.41543530397629, 0.39176630534027773, 0.22772857608991748], [0.2783600631807014, 0.6766738915994571, 0.5517764136545318, 0.3387560906062027, 0.31945581118903343, 0.18569544142531627], [0.17089560997985864, 0.41543530397629, 0.3387560906062027, 0.20797498059539493, 0.19612582024498323, 0.11400534749935592], [0.16115900858657742, 0.39176630534027773, 0.31945581118903343, 0.19612582024498323, 0.1849517536034774, 0.10751001022630037], [0.09367960196987071, 0.22772857608991748, 0.18569544142531627, 0.11400534749935592, 0.10751001022630037, 0.06249414819628881]], "dirt": [[0.024125554240211945, 0.0, 0.0, 0.0, 0.0, 0.0], [0.0, 0.0, 0.0, 0.0, 0.0, 0.0], [0.0, 0.0, 0.0, 0.0, 0.0, 0.0], [0.0, 0.0, 0.0, 0.0, 0.0, 0.0], [0.0, 0.0, 0.0, 0.0, 0.0, 0.0], [0.0, 0.0, 0.0, 0.0, 0.0, 0.0]], "response_matrix": [[0.7422284055204703, 0.07953086534420421, 0.09566559826554137, 0.03956706330200453, 0.03014892711618032, 0.021340634802863016], [0.07953086534420421, 1.702209547674703, 0.1369296104327701, 0.07910795605586536, 0.016274539061803033, -0.0010269043449654507], [0.09566559826554137, 0.1369296104327701, 1.6724240429752117, 0.07529939781503357, 0.06401299290731435, 0.016747658728278193], [0.03956706330200453, 0.07910795605586536, 0.07529939781503357, 1.2027549337285521, 0.028150280698682854, 0.018037421143722802], [0.03014892711618032, 0.016274539061803033, 0.06401299290731435, 0.028150280698682854, 0.8449632178313244, 0.015036351043249902], [0.021340634802863016, -0.0010269043449654507, 0.016747658728278193, 0.018037421143722802, 0.015036351043249902, 0.35197803951053963]], "stat": [[8.074230505461895, 0.0, 0.0, 0.0, 0.0, 0.0], [0.0, 33.6568426566087, 0.0, 0.0, 0.0, 0.0], [0.0, 0.0, 33.64475072750769, 0.0, 0.0, 0.0], [0.0, 0.0, 0.0, 20.360469246982746, 0.0, 0.0], [0.0, 0.0, 0.0, 0.0, 32.15400314708245, 0.0], [0.0, 0.0, 0.0, 0.0, 0.0, 14.708643520966817]], "total": [[36.38598476217714, 34.05920319404972, 22.482360093063015, 15.548040334242897, 12.008378206462105, 5.942734955924073], [34.05920319404972, 128.93734875693738, 50.459549445099775, 30.306527242210887, 26.944806953264294, 12.612086832013924], [22.48236009306301, 50.459549445099775, 90.0750714848859, 23.43041050437171, 21.29623947615766, 8.683563086576244], [15.548040334242897, 30.306527242210887, 23.43041050437171, 42.857796369007396, 12.0096868516813, 5.416272722061494], [12.008378206462105, 26.944806953264294, 21.29623947615766, 12.0096868516813, 50.697546681438624, 5.411665608253277], [5.942734955924073, 12.612086832013924, 8.683563086576244, 5.416272722061494, 5.411665608253277, 21.1836786645673]]}