{"LYAttenuation_intrinsic": [343.06494140625, 649.3170166015625, 708.99365234375, 632.5035400390625, 680.6884765625, 635.716552734375, 709.169921875, 655.3896484375, 619.14404296875, 303.0595703125], "LYRayleigh_intrinsic": [343.1485900878906, 650.41552734375, 710.1051025390625, 634.2734375, 682.030029296875, 633.85009765625, 703.54150390625, 648.47998046875, 607.20947265625, 298.873046875], "LYDown_intrinsic": [342.6182861328125, 659.190673828125, 730.739990234375, 634.3433837890625, 675.12939453125, 636.5478515625, 699.671142578125, 652.02490234375, 605.31787109375, 293.1982421875], "SCE_intrinsic": [314.8180847167969, 658.9874267578125, 733.3508911132812, 697.9664306640625, 685.773681640625, 698.3369140625, 715.64501953125, 692.7705078125, 666.7880859375, 293.51220703125], "Recomb2_intrinsic": [348.46282958984375, 675.7975463867188, 732.239501953125, 727.0953369140625, 705.978759765625, 702.77392578125, 721.361572265625, 708.74462890625, 666.3974609375, 339.45556640625], "WireModX_intrinsic": [330.6474914550781, 667.6536865234375, 721.633544921875, 676.3001708984375, 682.38623046875, 667.513427734375, 664.788330078125, 669.66455078125, 623.86083984375, 308.74658203125], "WireModYZ_intrinsic": [319.2060546875, 668.4293212890625, 737.17138671875, 666.0838623046875, 678.268798828125, 642.376220703125, 695.4013671875, 675.86767578125, 661.06689453125, 298.83984375], "WireModThetaXZ_intrinsic": [333.3701477050781, 639.21435546875, 668.3590698242188, 659.890869140625, 640.041259765625, 674.58544921875, 636.208740234375, 627.25, 625.5166015625, 288.67529296875], "WireModThetaYZ_withSigmaSplines_intrinsic": [342.570068359375, 636.6583251953125, 719.152099609375, 677.3272705078125, 658.67578125, 700.169677734375, 696.486328125, 663.40185546875, 618.404296875, 321.3408203125], "CV_intrinsic": [348.7467041015625, 651.6375122070312, 715.2540893554688, 632.5631103515625, 680.489990234375, 632.310791015625, 708.470947265625, 655.89208984375, 619.6494140625, 299.9912109375]}