{"cv_evtrate": [172.89302673960435, 179.69469297675863, 182.59868460255612, 180.54679421365748, 178.14351561953112, 175.96050254616392, 178.807990911074], "cv_xsec": [3.0437592117685055, 6.3265518544214565, 6.429647935772487, 6.357865884259298, 4.1816091757180445, 2.4784093695516862, 1.1045065161714973], "covariance": [[998.5521243845685, 920.2298961361859, 881.8794713485327, 895.7578686851506, 924.8189707548304, 937.5532524220888, 894.7628023584106], [920.2298961361859, 940.1027333711629, 909.2268935006466, 899.5936520523784, 915.1725723749618, 904.8292072429916, 916.0723633009201], [881.8794713485328, 909.2268935006467, 945.9786148548528, 924.5997982260886, 886.895112571125, 894.6057235085104, 921.4975427188274], [895.7578686851506, 899.5936520523783, 924.5997982260885, 933.0034716342535, 910.4355710767188, 906.061432955381, 899.5959421499738], [924.8189707548305, 915.1725723749619, 886.895112571125, 910.4355710767188, 954.9366647749465, 921.3198765942818, 880.1911062148761], [937.5532524220888, 904.8292072429917, 894.6057235085106, 906.0614329553808, 921.3198765942818, 928.9686322277148, 894.8296064253641], [894.7628023584105, 916.0723633009201, 921.4975427188274, 899.5959421499737, 880.1911062148761, 894.8296064253641, 940.9745618865187]], "uncertainty": [0.5561577974734323, 1.0792705183345537, 1.0826381222254575, 1.0751876965340628, 0.7251680833502255, 0.42914412600474905, 0.1894334819365291], "fractional_uncertainty": [0.1827206946341494, 0.17059379946127853, 0.16838217784865145, 0.16911141507341249, 0.17341842646633837, 0.1731530437533715, 0.17150961009551496]}