{"cv_evtrate": [172.91807623401533, 179.85018767505264, 182.84054642727116, 180.72587481533913, 178.25338934893455, 176.0638351729806, 178.99449370922798], "cv_xsec": [3.044205204147501, 6.332033602622109, 6.438170591748288, 6.364185310588041, 4.184192907591875, 2.4798708677307446, 1.1056590450730819], "covariance": [[994.2884192393399, 914.2866994599083, 874.4618541103156, 889.0946320724031, 919.536147391161, 932.0268737160497, 887.9217602143236], [914.2866994599084, 933.8262546313745, 902.6435486093088, 892.9650103799529, 908.7049621060576, 898.4136580817673, 909.7058011642216], [874.4618541103156, 902.6435486093089, 940.0523792554336, 918.0030767752346, 879.5569954830776, 887.6397472654874, 915.2691432199501], [889.0946320724032, 892.965010379953, 918.0030767752347, 926.4615625503592, 903.7537350778466, 899.4442675472624, 893.0030520959067], [919.536147391161, 908.7049621060578, 879.5569954830776, 903.7537350778466, 949.3364299047233, 915.3019085678338, 873.2902614375287], [932.0268737160499, 898.4136580817674, 887.6397472654871, 899.4442675472623, 915.3019085678338, 923.106191760002, 888.0317932399275], [887.9217602143235, 909.7058011642218, 915.26914321995, 893.0030520959066, 873.2902614375286, 888.0317932399277, 934.8476794094494]], "uncertainty": [0.5549691616918409, 1.075661677196336, 1.0792416138125294, 1.0714116370557003, 0.7230385791815361, 0.42778788342514323, 0.18881575421508537], "fractional_uncertainty": [0.18230346657831642, 0.16987617955010573, 0.16763172060022424, 0.16835016341733514, 0.17280240064210278, 0.1725040964800716, 0.17077213364867377]}