{"cv_evtrate": [102.80464020197223, 182.6615984380244, 305.4683961720262, 308.1322489600956, 173.87646269236595, 97.54549362401066], "cv_xsec": [2.4124821737770996, 4.01855510428569, 5.659203842174197, 5.7085552946614175, 3.8252821010469917, 2.2890675458877165], "covariance": [[948.785125751938, 638.1329531731153, 920.9273845901259, 925.0122390668542, 690.0131657922815, 910.8824736879701], [638.1329531731152, 1453.0818141177817, 1651.4910378227219, 1657.02570793054, 1337.8876789370213, 665.8689876443957], [920.9273845901259, 1651.491037822722, 3282.0853547811707, 3066.542015846341, 1623.7929459040386, 841.484096907935], [925.0122390668541, 1657.02570793054, 3066.542015846342, 3174.9254056708824, 1554.6310204290094, 875.8285959053956], [690.0131657922814, 1337.8876789370213, 1623.7929459040386, 1554.6310204290094, 1284.0536623934145, 684.2567419571034], [910.8824736879703, 665.8689876443958, 841.484096907935, 875.8285959053957, 684.2567419571034, 902.7150204558832]], "uncertainty": [0.7228286051159882, 0.8386248115097242, 1.061363115313234, 1.0438925984196068, 0.7883412660675178, 0.7050610632300698], "fractional_uncertainty": [0.29962028858612977, 0.20868814530261173, 0.18754636604598277, 0.18286458561518087, 0.20608709246613374, 0.3080123452436796]}