{"cv_evtrate": [51.7967686192656, 52.069028660974695, 51.87638448573339, 50.458559091566194, 47.74152104331509, 44.41119871077027, 41.94494747373444], "cv_xsec": [2.574652861813513, 5.176763206620147, 5.158199898000019, 5.017763589946725, 3.165266026028686, 1.7667637742572482, 0.7318549523033808], "covariance": [[687.0631024561292, 658.9121531037939, 613.2833371572941, 567.2774725177703, 535.5702937367132, 522.4423179699675, 521.4324089345505], [658.9121531037939, 640.2135941670557, 607.8458457151015, 572.1818828220765, 543.7199627373177, 526.919652607424, 520.1182307274394], [613.2833371572941, 607.8458457151014, 596.1152341807993, 577.9464145660991, 555.9028706458372, 534.9554118255874, 521.6900286083916], [567.2774725177703, 572.1818828220765, 577.946414566099, 577.1212454934716, 564.8394263400317, 545.7967019548332, 531.5157978987744], [535.5702937367132, 543.7199627373177, 555.9028706458372, 564.8394263400315, 565.1793716521249, 558.1759190551928, 551.1373852136617], [522.4423179699675, 526.9196526074239, 534.9554118255874, 545.7967019548331, 558.1759190551929, 569.1415876685032, 575.1480608826952], [521.4324089345506, 520.1182307274394, 521.6900286083916, 531.5157978987744, 551.1373852136618, 575.1480608826952, 592.5823712980069]], "uncertainty": [1.3024218162913337, 2.514466133875681, 2.426322106996775, 2.387354299352338, 1.575016968190863, 0.9483169142345227, 0.4244073074433867], "fractional_uncertainty": [0.5058630759930659, 0.48572168235551744, 0.47038155848468166, 0.47578054576654244, 0.4975938689636664, 0.5367536554982838, 0.5799063135497569]}