{"cv_evtrate": [28.442215028291965, 50.652115828388354, 71.44114992582855, 69.17910547533229, 46.61823610774616, 26.720913361584078], "cv_xsec": [1.884323676915473, 3.1460162396653204, 3.7366135584890205, 3.6183009867340146, 2.8954709026096133, 1.7702858046848278], "covariance": [[595.0812017539447, 433.5469612930758, 316.19031746668463, 332.1315167259813, 460.2981389226104, 603.7552195025276], [433.54696129307575, 653.8472489070143, 811.7454746206903, 789.3288876776492, 615.4607388020507, 419.21866270955024], [316.1903174666847, 811.7454746206903, 1238.4979504637845, 1188.6645761026793, 727.1732562427745, 285.21966420038655], [332.13151672598127, 789.3288876776492, 1188.6645761026793, 1143.2354364044788, 711.804899960024, 304.2812909543861], [460.2981389226104, 615.4607388020507, 727.1732562427743, 711.8048999600239, 589.7704458587283, 451.95362631689653], [603.7552195025276, 419.2186627095502, 285.2196642003865, 304.2812909543862, 451.9536263168965, 616.6012921609715]], "uncertainty": [1.6161445481354941, 1.5881865457921762, 1.8406761708822978, 1.768469535081537, 1.5083595074928282, 1.6451075711136798], "fractional_uncertainty": [0.8576788414509696, 0.5048246495895808, 0.49260544128267164, 0.48875688937028144, 0.5209375463360322, 0.9292892519163402]}