{"cv_evtrate": [59.83697431700257, 64.14624396885644, 63.79552083920014, 61.22034267067869, 62.87258760094119, 62.027159176724794], "cv_xsec": [5.94863359218342, 6.376160442603873, 6.341721222699419, 6.086168144387481, 3.124774017926042, 0.9634459150712458], "covariance": [[867.286056283759, 789.8034200149527, 794.0239954262794, 833.5485180464107, 795.8298957701041, 809.3231902373365], [789.8034200149528, 831.9852520146377, 817.5371219453792, 793.7209842651241, 825.938158664527, 803.6518921827667], [794.0239954262795, 817.5371219453793, 819.6942065521605, 804.7947517455012, 808.5472192657569, 811.2557874950701], [833.5485180464108, 793.7209842651242, 804.7947517455013, 825.4511261327555, 795.5069461368499, 814.0846532445569], [795.8298957701041, 825.938158664527, 808.5472192657567, 795.5069461368499, 831.985398737292, 803.0916385061172], [809.3231902373365, 803.6518921827669, 811.25578749507, 814.0846532445568, 803.0916385061173, 815.6578367573006]], "uncertainty": [2.9266078080403, 2.866428801092517, 2.8451769240483924, 2.855150641016051, 1.4332145269217031, 0.4434629865714116], "fractional_uncertainty": [0.4919798408639423, 0.4495540579468128, 0.4486442756052455, 0.46912122262823164, 0.4586618164064704, 0.4602884081340653]}