{"cv_evtrate": [58.87406585631446, 78.4694806919882, 77.18918287486369, 64.96394917258237, 72.4024345023482, 68.38480895518433], "cv_xsec": [5.8531477681753925, 7.797556491449684, 7.6722058171752305, 6.4590239586408265, 3.597313790291583, 1.0620549400156896], "covariance": [[331.54961253796733, 93.76135191007046, 101.11018805488195, 227.3892130913674, 110.17872693882718, 148.378604044208], [93.76135191007049, 233.83264108912587, 187.85006015847526, 96.14337104050225, 200.12248619603616, 138.48274856027447], [101.11018805488197, 187.85006015847523, 188.50814848998448, 131.53932601405566, 155.0528562466265, 149.60571666605088], [227.38921309136737, 96.14337104050223, 131.53932601405563, 207.7881968669647, 104.478944120692, 155.9920195160579], [110.1787269388272, 200.12248619603616, 155.0528562466265, 104.47894412069202, 205.18881751146094, 138.54482986260933], [148.37860404420806, 138.48274856027444, 149.60571666605088, 155.99201951605792, 138.54482986260933, 156.26655211073006]], "uncertainty": [1.8094959159481803, 1.519623189760093, 1.3644210431285355, 1.4324972010708013, 0.7117544540146606, 0.1941048494791119], "fractional_uncertainty": [0.30914919418004994, 0.19488453740943298, 0.17783947350240548, 0.2217823018219988, 0.19785720554474312, 0.18276347311773197]}