{"cv_evtrate": [33.43771213844199, 60.2773105839867, 101.71052398204058, 96.07541954620257, 46.12014783511026, 19.98053406541761], "cv_xsec": [1.9640640708857438, 4.025034690063792, 6.118964233852314, 5.596322151348634, 2.431479621739258, 0.17404594754394942], "covariance": [[154.2409272591761, 90.01338857808994, 82.59217124484177, 79.63097665459766, 72.47058444430414, 119.86143994431902], [90.01338857808994, 180.48649006187884, 183.17064168059744, 166.8862762889576, 149.94318578303142, 64.89467312141501], [82.59217124484174, 183.17064168059744, 337.02397676657256, 327.91872811529373, 164.12253848484448, 76.97323285144711], [79.63097665459765, 166.88627628895762, 327.9187281152937, 326.75359865487286, 166.02356322386194, 96.1586257268433], [72.47058444430414, 149.9431857830314, 164.1225384848445, 166.02356322386194, 166.37024618763135, 107.6596116740503], [119.86143994431902, 64.89467312141501, 76.97323285144711, 96.15862572684328, 107.65961167405031, 167.60739918756408]], "uncertainty": [0.8227954843543006, 0.834421934419654, 0.9601965546998478, 0.9454529768204364, 0.8011266735940434, 0.8577064566084068], "fractional_uncertainty": [0.41892497121198313, 0.20730801065628318, 0.15692141970493872, 0.16894184274087862, 0.32948113832884635, 4.9280461206476645]}