{"cv_evtrate": [53.54424465452538, 57.72290780257553, 59.847019637590634, 57.07352575660981, 51.52473988396879, 43.953786323798525, 35.94744821443687], "cv_xsec": [2.932670807002163, 6.086614615375488, 6.094641655071397, 5.560521043732133, 3.205265727499275, 1.5822055875610883, 0.523419098270392], "covariance": [[217.3379439291724, 181.47587462524655, 139.72692621583485, 107.30778775874997, 80.82760271726097, 66.4947787998185, 73.9989807278599], [181.47587462524655, 171.57212715895247, 144.7134235069537, 110.95723928720307, 87.87208424069111, 76.93937424430673, 67.34111561786767], [139.72692621583485, 144.71342350695366, 141.4984299729729, 124.78007256038354, 103.73890386373098, 82.35909464852323, 62.044895769972264], [107.30778775874997, 110.95723928720308, 124.78007256038356, 134.37631082749652, 116.22224908745785, 80.72550321730807, 61.1329056473735], [80.82760271726099, 87.87208424069108, 103.738903863731, 116.22224908745785, 107.8822010276485, 81.44334786383453, 62.29806894749249], [66.49477879981849, 76.93937424430675, 82.35909464852323, 80.72550321730806, 81.44334786383453, 80.33584372453721, 66.96008058168906], [73.99898072785989, 67.34111561786767, 62.04489576997226, 61.132905647373484, 62.298068947492474, 66.96008058168906, 76.59244938005793]], "uncertainty": [0.7325227654811567, 1.3016874351329626, 1.1821134409830614, 1.1519793702454482, 0.6881244433977729, 0.3562853916183551, 0.1525813553464001], "fractional_uncertainty": [0.24978008569258978, 0.21386066268180517, 0.1939594660170735, 0.20717111961008927, 0.21468561482877196, 0.22518274137026398, 0.2915089568771876]}