{"cv_evtrate": [50.57369141417368, 70.39652985668842, 69.68512339860723, 56.51373522021086, 62.14201645974717, 60.01689114867007], "cv_xsec": [4.933320955701481, 7.2205532602388045, 6.984780986470177, 5.442216178657164, 3.110274305847786, 0.9199236633384444], "covariance": [[329.7131474347149, 104.9045817251535, 95.29382377618404, 215.0738880200617, 127.38270055524936, 134.47748871471862], [104.90458172515349, 228.06394034375123, 182.31471829321302, 98.89399942368405, 192.01251726938796, 133.01126996438794], [95.29382377618404, 182.31471829321302, 192.9908844964754, 132.54536186157247, 137.6459436756695, 148.52369610375717], [215.07388802006173, 98.89399942368404, 132.54536186157247, 198.6073666059441, 102.53810804010644, 150.96031998849105], [127.38270055524936, 192.01251726938796, 137.6459436756695, 102.53810804010644, 207.19625816288575, 131.70511930249887], [134.47748871471862, 133.0112699643879, 148.52369610375717, 150.96031998849105, 131.70511930249884, 152.92094481577163]], "uncertainty": [1.804477525900137, 1.5007614194707655, 1.3805487375326089, 1.4004932545195574, 0.7152276627328609, 0.19201575187823558], "fractional_uncertainty": [0.36577338918415336, 0.20784576546716463, 0.19765097004570242, 0.25733877680418077, 0.22995645798446931, 0.20873009308337798]}