{"cv_evtrate": [118.043374013136, 119.98605709617014, 120.80837457561084, 120.29940791535594, 119.80792427722952, 119.73944222680942, 121.63541727558123], "cv_xsec": [3.2174853344036642, 6.540831491096602, 6.585747161493294, 6.558046429479903, 4.354050947819614, 2.6109705003493753, 1.1633012232167372], "covariance": [[1008.3061924866822, 987.6625166465794, 977.3121986799663, 982.3544865448223, 990.0256495659243, 989.669613586936, 968.3667919072124], [987.6625166465794, 992.8464921340624, 985.7774463686254, 981.9954394025845, 985.0803962625203, 978.0834808751034, 978.6423359012074], [977.3121986799663, 985.7774463686252, 994.5076722692638, 987.3658685239271, 972.6946727899065, 973.4364897402756, 985.8751628999004], [982.3544865448223, 981.9954394025842, 987.3658685239272, 985.3399862210596, 976.2280280931652, 978.8832300680315, 982.2776480812718], [990.0256495659243, 985.08039626252, 972.6946727899065, 976.228028093165, 991.550994481111, 986.106824733294, 974.8003275162222], [989.6696135869358, 978.0834808751034, 973.4364897402756, 978.8832300680315, 986.106824733294, 987.9383579557388, 975.7499443097771], [968.3667919072122, 978.6423359012074, 985.8751628999005, 982.2776480812718, 974.8003275162221, 975.749944309777, 987.9269860060261]], "uncertainty": [0.8653996907131423, 1.717479519734357, 1.7189157188292041, 1.7109746213819947, 1.1442390953659936, 0.6852916329361916, 0.30056477579001767], "fractional_uncertainty": [0.2689677188143384, 0.2625781633531142, 0.26100542226699247, 0.2608969972659505, 0.26279873825063904, 0.26246624879311825, 0.25837226832694454]}