{"cv_evtrate": [7.243611411283832, 8.826373164737202, 8.808970603712073, 8.037062953853667, 4.38025149771029, 1.4106451905386592], "cv_xsec": [6.889600507606478, 6.214604009061163, 5.491801914897981, 4.875030397381459, 2.027450863229095, 0.589610980587812], "covariance": [[4445.740181491338, 1064.9766904524367, 744.9630240069343, 1999.2142974180545, 751.7207154438629, 1072.1110551708753], [1064.9766904524365, 1933.2741793753064, 1513.0659201441326, 725.3721390402116, 1124.1958554526163, 863.1505114570302], [744.9630240069346, 1513.0659201441324, 1446.7429680852274, 912.3065626218861, 1015.4494460909721, 893.1836913286833], [1999.2142974180542, 725.3721390402117, 912.3065626218859, 1567.9380999608431, 839.6847322451385, 974.9186308284416], [751.7207154438629, 1124.1958554526163, 1015.449446090972, 839.6847322451384, 1105.6396944620867, 856.4309774934452], [1072.1110551708755, 863.1505114570302, 893.1836913286833, 974.9186308284417, 856.4309774934452, 1000.8596547241957]], "uncertainty": [2.347008677017758, 1.5477092617772006, 1.3388698021626084, 1.3938213509316921, 0.5852204202578696, 0.17400001017661282], "fractional_uncertainty": [0.34065961798895855, 0.2490439068234393, 0.24379426332376739, 0.2859102892323215, 0.28864838644020036, 0.2951098536244079]}