{"cv_evtrate": [41.00408707423831, 81.86327619278536, 83.9268448918663, 59.38449420400036, 66.14705077444147, 59.40523388752926], "cv_xsec": [4.037725658634928, 8.694352012476733, 8.471141719901402, 5.65685602851021, 3.386039242107223, 0.8897622740881472], "covariance": [[308.94390735132464, 36.00214609328808, -37.82377396865222, 61.42500157725255, -1.5151670295063753, -6.133574793587309], [36.00214609328806, 57.70194258369886, 11.914891331900733, -7.664055596766035, 43.7527763615515, -8.123024784598073], [-37.8237739686522, 11.914891331900717, 48.550602721876494, 21.870487323837892, -4.239033096662803, 21.571175746740693], [61.425001577252544, -7.664055596766027, 21.87048732383789, 53.970245350301326, -18.742754939761745, 32.51397291826258], [-1.5151670295063602, 43.75277636155149, -4.239033096662809, -18.74275493976175, 74.80154085441359, 8.121931173361277], [-6.1335747935873, -8.123024784598075, 21.571175746740693, 32.51397291826259, 8.121931173361274, 41.001066564729214]], "uncertainty": [1.7467194747292205, 0.7548811173310914, 0.69243762442081, 0.7300633401758586, 0.4297428119747195, 0.09942622442821852], "fractional_uncertainty": [0.43259984020800224, 0.08682431033937983, 0.08174076733884102, 0.1290581440461599, 0.12691607546381506, 0.11174470678711709]}