{"cv_evtrate": [5.6972947975080865, 9.007153963194572, 8.891712866109177, 6.743934461508303, 3.872918244496944, 1.1114735592414462], "cv_xsec": [5.699504470141959, 9.005023726068325, 8.892737974664994, 6.746718535383251, 3.871119846383604, 1.1114796788078372], "covariance": [[319.91570435654694, 28.32497751030803, 0.40138565424266304, 142.61846123715583, 32.317814855249594, 51.20009305773938], [28.32497751030804, 86.57766255630077, 45.40834678538178, 4.861361959667666, 71.85643938434612, 19.442982279414238], [0.4013856542426908, 45.4083467853818, 75.87185314529404, 51.87528111051921, 32.41918914307578, 57.26505457429808], [142.61846123715586, 4.861361959667658, 51.87528111051921, 134.48994607284533, 18.10032528498873, 91.57652462560027], [32.31781485524959, 71.85643938434615, 32.41918914307579, 18.100325284988745, 102.79484096112726, 50.81467195557381], [51.20009305773938, 19.442982279414235, 57.265054574298084, 91.57652462560026, 50.81467195557379, 95.7135456202399]], "uncertainty": [1.7774652739138346, 0.9246689471515542, 0.8656128416838225, 1.1524663526392713, 0.5037777804960408, 0.15191129751584992], "fractional_uncertainty": [0.31186312480768397, 0.10268367694298937, 0.09733929461881302, 0.1708187982935922, 0.13013747971834805, 0.136674831229293]}