{"cv_evtrate": [85.41777261743181, 155.07011013822353, 158.2340789473449, 133.53414444709725, 155.84918251939223, 190.0816882560351], "cv_xsec": [4.655847628388775, 8.452372310947009, 8.624829959162115, 7.27851601826349, 4.247418490874679, 1.6188657197665666], "covariance": [[1547.3222885461212, 48.26364743912512, -138.58089472279062, 345.6246662563655, 161.97224902651885, -65.03146263454025], [48.26364743912509, 377.6080555104012, 114.39820628386938, -83.11777665241094, 157.36345527179193, 14.473036968199647], [-138.58089472279065, 114.39820628386931, 286.6005312770425, 137.13788399992808, -40.567312910015644, 203.471898618762], [345.62466625636546, -83.11777665241095, 137.13788399992814, 371.3855406959795, 128.77582699707077, 161.60633590406917], [161.97224902651888, 157.3634552717919, -40.567312910015644, 128.77582699707082, 476.69542628096826, 57.363657654038306], [-65.03146263454025, 14.47303696819965, 203.471898618762, 161.60633590406914, 57.36365765403829, 449.3591303985004]], "uncertainty": [2.1440796005169696, 1.0591833358183917, 0.9227605297082206, 1.0504200666754382, 0.5950329438114211, 0.18053745887913397], "fractional_uncertainty": [0.4605132666807139, 0.12531195939471343, 0.10698883735417608, 0.14431788898172235, 0.1400928458285458, 0.11152095981448461]}