{"cv_evtrate": [1.1336703758246716, 1.9078150642132072, 2.26527817106867, 1.9063349929040694, 0.9746581171221784], "cv_xsec": [1.1336704062198029, 1.9078150424070104, 2.265278127586117, 1.9063349801181046, 0.9746581468060797], "covariance": [[92.66977929458947, 10.95068177763062, 6.642058461579624, 32.37646146737604, 70.89950007028837], [10.95068177763062, 31.959055955448246, 17.009302611249794, 24.95540124683738, 23.773417420977918], [6.6420584615796185, 17.009302611249794, 46.95428232223311, 13.989449131034585, -0.42836078428173785], [32.37646146737603, 24.95540124683738, 13.989449131034588, 39.44809123336586, 12.641146830065491], [70.89950007028835, 23.773417420977918, -0.42836078428173074, 12.641146830065498, 116.77920898241962]], "uncertainty": [0.13554132033695748, 0.12437114844048996, 0.1418833187218941, 0.1381769717338142, 0.1521547140258289], "fractional_uncertainty": [0.11955972352574397, 0.0651903594824245, 0.06263395076925284, 0.07248304897875484, 0.15611085232748992]}