{"cv_evtrate": [5.043176572979553, 8.067769024182555, 7.968855457173213, 6.0888467207551145, 3.4935176744199765, 0.9624353076903063], "cv_xsec": [5.0480917152192974, 8.580503041763357, 8.249599406859067, 6.109303728087319, 3.6690125987531235, 0.9645571896525802], "covariance": [[381.62362814199116, 12.160817409079446, -2.25071464657345, 165.34717337967226, -6.450184526637035, 76.84033599178724], [12.16081740907944, 87.7840769026775, 62.16765313941619, 16.781393919399427, 69.66091968637501, 19.887497032214444], [-2.2507146465734422, 62.16765313941622, 74.69521054318129, 39.31812391136219, 50.999050585379486, 48.81038059893956], [165.34717337967217, 16.781393919399438, 39.318123911362186, 116.03774543778803, 21.825777677140643, 90.68810317016928], [-6.450184526637056, 69.66091968637502, 50.9990505853795, 21.825777677140614, 94.1635137614561, 47.548789294007804], [76.84033599178726, 19.887497032214434, 48.81038059893955, 90.6881031701693, 47.548789294007804, 96.77411550744944]], "uncertainty": [1.9413371836483244, 0.9310890478883316, 0.8588745277512293, 1.0704909150469537, 0.48216388442302044, 0.15275061808291648], "fractional_uncertainty": [0.3845685247348937, 0.10851217502709326, 0.1041110586578452, 0.17522306349337446, 0.13141516183042787, 0.15836346431457848]}