{"cv_evtrate": [3.3250294397917783, 7.146126256403715, 7.331945707803664, 6.8775010286188625, 4.111226453161315, 2.0280907216040056, 0.6941385197007008], "cv_xsec": [3.3251024769947537, 7.148506553962972, 7.337807191726339, 6.886373504431165, 4.116692956460457, 2.031711632172348, 0.6952878544583585], "covariance": [[74.83546147314082, 48.7049680807735, 22.3083748618187, 9.27973496741204, 1.8560866567199539, 5.024802618585583, 19.397284644768675], [48.7049680807735, 45.409310540991626, 29.25341182175186, 11.338617150341948, 10.467496683747914, 17.139665530577155, 17.458990735032252], [22.30837486181869, 29.253411821751858, 32.29953162600148, 28.983294206241407, 27.54038977116766, 26.039287417777345, 22.1271799419251], [9.279734967412034, 11.338617150341936, 28.983294206241425, 48.38620181443964, 45.15484363856071, 33.444998707080536, 31.833981235399513], [1.8560866567199614, 10.467496683747912, 27.54038977116768, 45.15484363856072, 54.76778410182247, 47.68164894584595, 40.87896859611354], [5.024802618585575, 17.139665530577137, 26.039287417777338, 33.444998707080536, 47.68164894584596, 58.164277815909905, 51.14194230231054], [19.397284644768675, 17.45899073503224, 22.127179941925085, 31.833981235399527, 40.87896859611355, 51.14194230231053, 66.03862865958106]], "uncertainty": [0.4298402397127846, 0.6696622209447846, 0.5647827935842467, 0.6912642722966806, 0.49029184613729876, 0.30315972628344867, 0.14167966207385765], "fractional_uncertainty": [0.1292712759040367, 0.09367861886809614, 0.07696887896169595, 0.10038146665322085, 0.11909847329465467, 0.14921395412758653, 0.20377123110287695]}