{"cv_evtrate": [132.33502573173627, 255.70603711151844, 249.77923130250463, 192.6574504683091, 233.25343059124629, 252.65802570925774], "cv_xsec": [4.659639787035815, 8.999583071159686, 8.793037071986758, 6.783655715260438, 4.104844126887583, 1.3896950081324286], "covariance": [[3322.8300617121163, -24.4009407106266, -319.3557975729466, 827.3140181702861, 91.48797881054416, 266.892294576408], [-24.400940710626614, 514.3113835722037, 188.14181793419544, -75.8124986843188, 391.5687818162751, 143.36115328095286], [-319.3557975729465, 188.14181793419536, 413.1368992523863, 200.77409721251618, 89.07504783561588, 313.49494755891976], [827.3140181702863, -75.81249868431877, 200.7740972125162, 618.5756003419409, 96.2576510437819, 259.45704157353003], [91.48797881054419, 391.56878181627496, 89.07504783561592, 96.25765104378192, 590.4039019114583, 17.282247579112408], [266.89229457640795, 143.36115328095286, 313.49494755891976, 259.45704157353003, 17.282247579112436, 509.0634068910276]], "uncertainty": [2.0290685601480196, 0.7982808749805269, 0.715467068778388, 0.8754655254089396, 0.42764881214766787, 0.12409338234867459], "fractional_uncertainty": [0.435456098085812, 0.08870198415510158, 0.08136745733254716, 0.12905512339600342, 0.10418149847553995, 0.08929540771355302]}