{"cv_evtrate": [3.0343699070113925, 5.061875121795524, 5.9678985849149235, 4.823155677034688, 2.168328530441748], "cv_xsec": [3.0734901501250795, 5.357497349691924, 6.494990120362585, 5.3477574116959845, 1.655699233595043], "covariance": [[77.78025564821677, 0.427739908294658, -0.7551899450290032, 51.81784059641278, 77.35794808798002], [0.42773990829465447, 41.452366567693936, 33.16494578890713, 15.903901518066938, 7.03456640011575], [-0.7551899450290023, 33.16494578890712, 81.68582008113363, 11.662042964232505, -53.03220530834761], [51.817840596412786, 15.903901518066942, 11.662042964232505, 58.23563718561062, 29.829965232990254], [77.35794808798, 7.034566400115764, -53.03220530834761, 29.82996523299026, 174.59421225459778]], "uncertainty": [0.35057264017813433, 0.3998876826870041, 0.5283330272668649, 0.4739775568813024, 0.5252405623596088], "fractional_uncertainty": [0.11406336869629055, 0.07464076164405366, 0.08134470068098741, 0.0886310878359356, 0.3172318689905694]}