{"cv_evtrate": [54.26778690900332, 65.323591093971, 69.08944475815714, 61.815372092088076, 55.35151818436905, 47.774078347694946, 37.462725131432975], "cv_xsec": [3.184820346264634, 6.8638298695050315, 6.864132203036732, 6.096973470607267, 3.546960205116116, 1.7300122124088724, 0.5286406655500386], "covariance": [[84.37647110940516, 35.758987653869745, -0.671304069898981, 0.8430499506780571, 9.542880167663036, 9.430678610747536, 6.844785593403903], [35.75898765386974, 33.70827905717371, 15.408883319552118, -1.2910955234077661, 4.093508473693872, 13.172357627272433, 2.9831715523996793], [-0.6713040698989798, 15.408883319552114, 23.23018979827893, 13.852648506781376, 6.067992783902287, 4.886109376425673, 6.7066820079458624], [0.8430499506780567, -1.2910955234077672, 13.852648506781376, 29.2831565440798, 16.900590621947682, 2.6356141224909404, 12.273484544721441], [9.542880167663032, 4.09350847369387, 6.067992783902288, 16.900590621947682, 25.924110754529405, 21.260348697835575, 10.993366887911808], [9.430678610747544, 13.172357627272438, 4.886109376425675, 2.6356141224909395, 21.26034869783557, 32.75636170152237, 13.248891555889436], [6.844785593403902, 2.98317155239968, 6.706682007945864, 12.273484544721438, 10.993366887911808, 13.248891555889434, 27.12534215529667]], "uncertainty": [0.45641932897916226, 0.5769678782476285, 0.4789715566599463, 0.5377646983251432, 0.33732149770752096, 0.22750511493205333, 0.0908021437098354], "fractional_uncertainty": [0.14331085567023608, 0.08405917530255382, 0.06977889447526178, 0.08820190885160291, 0.09510157379859246, 0.1315049184625551, 0.17176534010178318]}