{"cv_evtrate": [1.7554750285465728, 2.954228826765447, 3.5077561757137357, 2.9519369540314795, 1.5092464462905042], "cv_xsec": [1.7554750756130706, 2.9542287929988116, 3.507756108381521, 2.951936934232565, 1.50924649225567], "covariance": [[92.66977929458947, 10.95068177763062, 6.642058461579624, 32.37646146737604, 70.89950007028837], [10.95068177763062, 31.959055955448246, 17.009302611249794, 24.95540124683738, 23.773417420977918], [6.6420584615796185, 17.009302611249794, 46.95428232223311, 13.989449131034585, -0.42836078428173785], [32.37646146737603, 24.95540124683738, 13.989449131034588, 39.44809123336586, 12.641146830065491], [70.89950007028835, 23.773417420977918, -0.42836078428173074, 12.641146830065498, 116.77920898241962]], "uncertainty": [0.2098841146966332, 0.19258723700892158, 0.2197046234029141, 0.2139653893861744, 0.23560975627830708], "fractional_uncertainty": [0.11955972352574397, 0.0651903594824245, 0.06263395076925284, 0.07248304897875484, 0.15611085232748992]}