{"cv_evtrate": [3.6082293662652805, 5.309915732985118, 6.354514358685634, 5.247838698699216, 2.570560544913274], "cv_xsec": [3.6082293854120873, 5.309915713917879, 6.354514291778183, 5.247838618232623, 2.570560484982825], "covariance": [[40.38068121316549, 24.830433036395476, 30.93166267495038, 12.31884346366442, -6.036171343032562], [24.830433036395476, 29.686153188128884, 13.46369813836122, 23.78083089997563, 35.345417193769016], [30.93166267495039, 13.46369813836121, 66.37818873959256, 3.801842028231625, -47.82466873903333], [12.318843463664416, 23.780830899975626, 3.8018420282316283, 46.62351918094344, 77.2731009640457], [-6.03617134303259, 35.34541719376902, -47.82466873903332, 77.27310096404571, 178.1603754140167]], "uncertainty": [0.25259814491747007, 0.33840776862473826, 0.4762633060135804, 0.42409767140646515, 0.5305775815040352], "fractional_uncertainty": [0.07000612154501963, 0.06373128818932736, 0.07494881341754095, 0.08081377920674199, 0.20640540637096902]}