{"cv_evtrate": [118.45449673607747, 200.16895118313798, 326.58515786289803, 342.37305453321216, 178.57260570165369, 91.29587616884811], "cv_xsec": [2.779732096797063, 4.403716878037822, 6.050419595090911, 6.342911331432833, 3.9285972378937974, 2.1424098918295305], "covariance": [[517.6672366782847, 167.7912253741904, 212.1453692398942, 164.75388174871378, 156.93004193904352, 373.7894895314805], [167.7912253741904, 338.4715903771456, 232.67582215151666, 299.04545820512686, 222.08866393547387, 160.97855455834264], [212.14536923989422, 232.67582215151666, 583.3912835282478, 420.20254516999205, 224.02079860200553, 65.52341048695337], [164.75388174871375, 299.04545820512686, 420.202545169992, 651.234954798998, 201.00825279860516, 228.66700339317453], [156.93004193904352, 222.0886639354739, 224.02079860200553, 201.00825279860516, 342.01650228230227, 226.10480653330495], [373.78948953148046, 160.97855455834264, 65.52341048695337, 228.66700339317453, 226.10480653330492, 650.6310742502101]], "uncertainty": [0.5339206730313165, 0.4047471361926933, 0.44747525403490457, 0.47277870508392467, 0.4068611330181616, 0.5985753082633216], "fractional_uncertainty": [0.19207630607515191, 0.09191034469342128, 0.0739577226012506, 0.07453654645005517, 0.10356397166238612, 0.27939345806145566]}