{"cv_evtrate": [179.85063083550824, 192.40066930868744, 196.63187759172536, 191.21422500548073, 187.10660789114468, 183.47319531048257, 188.60192280548367], "cv_xsec": [3.166137697563273, 6.7733327627471756, 6.923819026341685, 6.73414017198382, 4.391826872707536, 2.5843784048343457, 1.1649841226353823], "covariance": [[295.00900421445925, 163.36833024697722, 118.16526390721967, 141.36444528878522, 174.2219685486697, 180.38199444024295, 119.77795639328889], [163.36833024697714, 193.66636202713497, 141.83445778051762, 134.80399489385945, 156.95398763273448, 141.9773047107758, 143.02323078881653], [118.16526390721964, 141.83445778051762, 193.69641051298817, 152.22871889862577, 115.20356505072206, 135.4077605462591, 158.50903613996357], [141.36444528878525, 134.80399489385945, 152.22871889862577, 171.83777344121347, 144.69941407593382, 146.143659817448, 146.6248695076508], [174.22196854866968, 156.95398763273448, 115.20356505072208, 144.6994140759338, 215.24137657105214, 173.27629034328538, 129.90527937198294], [180.38199444024295, 141.97730471077583, 135.4077605462591, 146.143659817448, 173.2762903432854, 203.0105533002198, 145.79320614880697], [119.77795639328886, 143.02323078881653, 158.50903613996354, 146.6248695076508, 129.90527937198297, 145.79320614880695, 206.76479808512482]], "uncertainty": [0.3022945353212352, 0.4898574906743913, 0.48989549134940613, 0.46142590702527775, 0.34428196860844534, 0.20061433150682811, 0.08879859644540182], "fractional_uncertainty": [0.09547738102290608, 0.07232148601476823, 0.07075509765428553, 0.06852038942476388, 0.07839151646617562, 0.07762575756381433, 0.07622301001366873]}