{"cv_evtrate": [3.0087609623120724, 6.45981533892777, 6.533751461310075, 6.02624889336823, 3.6325612305394444, 1.8505176108693995, 0.6424368904137019], "cv_xsec": [3.3508361042895007, 6.985884006687478, 7.052555327300743, 6.413828281339108, 3.7125396639742423, 1.8602939275726178, 0.608549825978639], "covariance": [[86.06822257320691, 56.99026928608582, 31.098381120590425, 18.425126291431955, 4.8155111001988065, 4.074829066360021, 23.250133523677295], [56.99026928608582, 53.72741614431494, 37.69917492120135, 18.758533141931505, 13.587680228024999, 17.17375286182107, 19.539173045390495], [31.098381120590425, 37.699174921201354, 38.71449481295405, 32.224073943211216, 29.962629138332233, 28.359166091502278, 20.084279228306862], [18.42512629143195, 18.75853314193151, 32.224073943211216, 49.81234737943975, 47.851109124532734, 33.794674396860266, 28.1024192320656], [4.8155111001988065, 13.587680228024995, 29.96262913833223, 47.85110912453275, 53.93072729921452, 44.39017299114862, 37.114690174688135], [4.074829066360008, 17.173752861821054, 28.359166091502278, 33.794674396860266, 44.39017299114862, 53.15079018800178, 47.279700467184966], [23.2501335236773, 19.53917304539049, 20.084279228306876, 28.102419232065607, 37.11469017468814, 47.279700467184995, 60.862687394907056]], "uncertainty": [0.4609722332401597, 0.7284190956442474, 0.6183297510143257, 0.7013775310277196, 0.4865306720165429, 0.289799878443702, 0.13601413740123508], "fractional_uncertainty": [0.13756931669980993, 0.1042701388896442, 0.08767456933244393, 0.10935396151287088, 0.1310506327347129, 0.15578176875621147, 0.22350534269318706]}