{"cv_evtrate": [39.037837858980915, 71.17418570437509, 113.50673915716791, 113.08464890332135, 64.61521822843324, 33.431834837093035], "cv_xsec": [2.5862936854488145, 4.420647495771731, 5.936786314609326, 5.9147093411874785, 4.013268233069695, 2.2148906864258158], "covariance": [[65.21225606919762, 20.575286341224025, -6.414055487662136, 3.0565560773810034, 30.384069986368832, 47.16555377545646], [20.575286341224025, 27.141363776624107, 14.058322089474036, 13.587905164234508, 20.760650857558254, 30.305837812074483], [-6.414055487662135, 14.058322089474036, 39.02852051939934, 26.922211253621718, 11.511351657045028, -0.2137544019020532], [3.056556077381002, 13.58790516423451, 26.922211253621718, 39.695747362013115, 12.017237697157492, -2.902776112705043], [30.38406998636883, 20.760650857558247, 11.511351657045024, 12.017237697157487, 29.725194384391337, 25.756904811987162], [47.16555377545647, 30.30583781207449, -0.21375440190205008, -2.9027761127050464, 25.756904811987177, 81.60129254425644]], "uncertainty": [0.5350035926963705, 0.32357815560006437, 0.32675390626968104, 0.32953514225742636, 0.3386302208746763, 0.5984675467537456], "fractional_uncertainty": [0.20686111392006445, 0.07319700471696985, 0.05503885249593715, 0.055714511609672196, 0.08437766957222856, 0.2702018435589238]}