{"cv_evtrate": [66.90633184359004, 72.0331275483762, 74.47058140560617, 70.29530583237377, 63.10535800917378, 52.060453217818214, 40.85496340435147], "cv_xsec": [3.324158631421802, 7.159546097002605, 7.403984334124126, 6.990601359626033, 4.183552981252229, 2.071320930391214, 0.712646489788015], "covariance": [[74.49637412362867, 46.88955111272964, 18.291301233062814, 2.774360996396869, -4.5225044413707955, -1.1681549744373454, 13.12884910903685], [46.88955111272965, 41.44298627444363, 23.027769991314155, 3.6014411570580735, 0.1441827483138623, 7.030111606900278, 7.681917534002519], [18.29130123306282, 23.027769991314155, 22.930033976876743, 15.122224458027704, 11.452669603202018, 9.50902522861188, 5.243991815272086], [2.7743609963968714, 3.6014411570580744, 15.122224458027704, 29.0808765015574, 23.011980091658206, 9.919436622613409, 7.809382280520173], [-4.5225044413707955, 0.14418274831386474, 11.452669603202018, 23.011980091658206, 27.47872619505976, 20.041397874488933, 12.427359426425882], [-1.1681549744373507, 7.030111606900278, 9.509025228611879, 9.919436622613409, 20.041397874488933, 29.197596455391242, 22.20246203760658], [13.12884910903685, 7.681917534002521, 5.243991815272086, 7.80938228052017, 12.42735942642588, 22.20246203760658, 36.63520127672605]], "uncertainty": [0.4288653084046323, 0.6397478954490713, 0.47586711530287623, 0.5359041138705262, 0.34728848537031004, 0.21479139920561457, 0.10552558785524661], "fractional_uncertainty": [0.12901469392909173, 0.0893559293817392, 0.06427176150409429, 0.07666065997778405, 0.08301280919032582, 0.10369778823460571, 0.14807564390955805]}