{"cv_evtrate": [117.31176616115735, 123.9268855282273, 126.10691110914244, 124.32940702843275, 123.01388750396461, 122.5170588108543, 129.03036367329227], "cv_xsec": [3.197591126446176, 6.755772366610497, 6.874789689708204, 6.778230067294266, 4.470583911001314, 2.671607553313054, 1.2340821863371931], "covariance": [[149.69543724992127, 96.65381566723353, 80.27833386530935, 94.35962922834524, 111.99022032010342, 116.80689377084444, 64.79142299643037], [96.65381566723352, 112.62848148967043, 93.22234678682149, 91.582854628803, 105.05096611235653, 87.76591562608206, 90.34669223214854], [80.27833386530936, 93.22234678682149, 119.07868924766333, 104.01451798785092, 72.91607728037123, 82.95172826351504, 108.3515055826235], [94.35962922834523, 91.582854628803, 104.01451798785091, 102.7162917667719, 85.76782686296521, 95.39998357469742, 101.42389946105259], [111.9902203201034, 105.05096611235652, 72.91607728037121, 85.76782686296518, 128.95646704413815, 110.22108293117442, 84.70109890405581], [116.80689377084443, 87.76591562608206, 82.95172826351502, 95.39998357469743, 110.22108293117445, 120.62885486259022, 88.18303114144918], [64.79142299643036, 90.34669223214857, 108.35150558262353, 101.4238994610526, 84.70109890405583, 88.18303114144919, 122.05835345505572]], "uncertainty": [0.3334454533431167, 0.5784617252292324, 0.5947953119876754, 0.5524210006706075, 0.41264902023906475, 0.23946172570562202, 0.10564754559991947], "fractional_uncertainty": [0.10428020348984086, 0.08562480999037243, 0.08651832839019125, 0.08149929925455052, 0.09230315959926592, 0.08963207392068724, 0.08560819268730047]}