{"cv_evtrate": [36.198817401568284, 65.75577285749551, 112.11391709144081, 103.64946559203187, 48.12716518946642, 22.06666745594891], "cv_xsec": [2.187457067072204, 4.48720818528321, 6.751365288487148, 6.01639782856036, 2.4045095917499273, 0.19982899928896533], "covariance": [[63.13207337974991, 14.23617552820016, -0.7652707933359713, -6.014204212950224, 8.741148445779661, 43.196845637643605], [14.236175528200159, 28.53210039483953, 7.891559798179738, 10.98546360318573, 18.239209775921157, 8.929073648821735], [-0.765270793335973, 7.89155979817974, 30.157620252829492, 25.247370819934375, 12.20517625251723, 5.445697216531391], [-6.014204212950223, 10.985463603185735, 25.247370819934375, 35.46699605272118, 22.146380886108002, 16.960250622562793], [8.74114844577966, 18.239209775921154, 12.205176252517228, 22.146380886108005, 45.00292339243102, 38.284356929549354], [43.196845637643605, 8.929073648821735, 5.445697216531395, 16.960250622562796, 38.284356929549354, 90.0860115322138]], "uncertainty": [0.5264014927238763, 0.33176474511962323, 0.2872289946000335, 0.31148844970264267, 0.416661838153758, 0.6288119196506491], "fractional_uncertainty": [0.24064540541060167, 0.07393567033678512, 0.04254383851660855, 0.05177324681289859, 0.17328350012965615, 3.1467500807595368]}