{"cv_evtrate": [74.54539355818424, 129.4793644532191, 213.40850619500392, 228.2240681933346, 123.74780214609694, 64.63517446078225], "cv_xsec": [2.70881950626747, 4.410939382452757, 6.122216031888626, 6.547241558891876, 4.215683763712864, 2.348703402997399], "covariance": [[351.8443654374669, 85.02557409771406, 111.32530857806202, 62.06726212294964, 80.36152747244635, 266.65843181873174], [85.02557409771406, 180.74986676343832, 137.82768585298402, 189.60156208375136, 158.3300285566715, 123.21762136544616], [111.32530857806199, 137.827685852984, 418.03746635136713, 310.5863134774917, 155.38403740956136, 29.758654176691845], [62.067262122949614, 189.6015620837514, 310.5863134774917, 466.50947530655776, 120.80424317462166, 76.31039713061335], [80.36152747244637, 158.3300285566715, 155.3840374095614, 120.80424317462166, 201.97964388465985, 86.07837530962193], [266.65843181873174, 123.21762136544616, 29.758654176691877, 76.31039713061335, 86.07837530962195, 290.9045429392156]], "uncertainty": [0.681607805713915, 0.45800426725450205, 0.5865492942941425, 0.6196224544502169, 0.48415490104955156, 0.6197756461572156], "fractional_uncertainty": [0.2516254051393459, 0.1038337250964041, 0.09580669666653359, 0.09463870377727263, 0.11484611469602823, 0.26387991151469453]}