{"CV": [5.1691883674909604, 22.833520736580795, 22.080183020625782, 22.603559970530114, 22.924397933743876, 24.547350002679195, 27.88079959601805, 22.24652304612937, 4.320835174033618, 0.0], "LYRayleigh": [6.4645374885847104, 28.897058334237045, 21.078535071407032, 20.68208169904574, 20.712190139554423, 25.85481460228857, 27.659707371896957, 22.265592717760228, 4.313084662864185, 0.0], "LYDown": [17.36651502764721, 21.576562728768295, 20.310361853633594, 18.485083102854333, 22.423955428861063, 25.400892330560055, 29.587312047189926, 24.255182408922337, 4.551967204520679, 0.0], "SCE": [22.01550184405346, 28.079980697518295, 35.53947257140703, 3.4795289036355825, 30.235318649075907, 21.637289120110836, 31.36996967048094, 22.71432509385886, 3.8213606485819582, 0.0], "Recomb2": [-6.3783580192277896, 18.343469467049545, 30.050367346797657, 16.47151803937777, 28.294087875150126, 23.511655880364742, 31.773598973459457, 23.28584494554343, 4.310424865195728, 0.0], "WireModX": [-8.76574815594654, 39.368982162362045, 20.286146155391407, 11.58315134015902, 23.41233586098997, 23.199003292474117, 30.42665607184813, 24.099115514391087, 4.17171532006023, 0.0], "WireModYZ": [-13.27008165204029, 33.033655013924545, 22.609357825313282, 23.359251498850426, 24.891240585111063, 21.770929409417477, 29.697629277414535, 21.89868369066062, 4.138336242148853, 0.0], "WireModThetaXZ": [-0.45990098797778955, 23.058435287362045, 16.682966223750782, 7.836760043772301, 32.732373702786845, 22.742025448235836, 30.13942462653563, 22.45023932420554, 4.190582812736011, 0.0], "WireModThetaYZ_withSigmaSplines": [2.5599964729597104, 15.442041244393295, 22.83761405089922, 22.686567783030114, 22.964665878079813, 20.97706039086279, 28.509831731027816, 21.368469380968236, 4.138336242148853, 0.0]}