{"CV": [0.188271060838467, 1.9634464193008938, 3.9098557489506405, 6.732171393377584, 10.023071660243133, 16.11656634150225, 22.52718649829707, 20.295727827142173, 4.1893849977943205, 0.0], "LYRayleigh": [-0.3190388527967869, -0.34634323829187963, 3.6599587457768123, 5.3208402166197715, 8.870479954920867, 16.565027874095023, 22.512627706182812, 20.33560857970565, 4.171586574027231, 0.0], "LYDown": [0.9419226797959865, 0.34025077110753443, 2.7177151697270077, 3.8438924321959433, 9.402609242640594, 17.210259121043265, 24.055253133428906, 22.176541425774985, 4.425081313559701, 0.0], "SCE": [-0.0851225701429783, 2.3902576375626126, 4.920636083423297, -3.90779175664683, 10.439752949915984, 12.280010860545218, 25.17683707202754, 21.077500440667563, 3.670324862906625, 0.0], "Recomb2": [-1.3021292534925877, -3.3374549936629734, 5.887259389697711, -3.9714380731751504, 10.243999852381805, 14.083735149485648, 24.811442479742382, 20.79668913085311, 4.13837295860975, 0.0], "WireModX": [-1.032605632887119, 1.5066249776505032, 6.775765325366656, -3.715550087945658, 9.06119002266989, 13.495552700144827, 24.982024297369335, 22.585415937493735, 3.970041812369516, 0.0], "WireModYZ": [-0.8976063576795994, 2.029658119740347, 6.878411199390094, 4.172833777410787, 11.147474660121063, 15.045439403636038, 24.46315489734492, 20.04675779540389, 3.9845457682105803, 0.0], "WireModThetaXZ": [-0.953457340345615, -0.9462291788436374, 3.4013642328373592, -3.02072014714976, 18.173923863612274, 13.878843944651663, 24.136557683599804, 20.634385206292563, 3.9672971376868986, 0.0], "WireModThetaYZ_withSigmaSplines": [-1.7360634652235447, 5.546831886830191, 3.374461080371539, 5.306142188055318, 10.257170094691375, 13.62088648615557, 22.788544759405468, 19.889878370355063, 3.9845457682105803, 0.0]}