{"CV": [0.05547342949252698, 2.5690844781786097, 8.309971921239509, 11.727208175283366, 18.670912050360755, 29.432979062246375, 60.04698201234109, 29.441340827426757, 0.0, 0.0], "LYAttenuation": [-0.00788440055508044, 4.587745977202047, 6.982205502782477, 9.959126510244303, 22.422601961249427, 30.498488858388953, 57.84318562562234, 30.979792975864257, 0.0, 0.0], "LYRayleigh": [-0.3476146633114281, 5.023578954496969, 6.500821225438727, 11.277607955556803, 20.027227663153724, 31.052310422109656, 58.25357075745828, 29.20976200052246, 0.0, 0.0], "LYDown": [1.7237258976016578, 12.710438085356344, 12.662991635594977, 11.984974898916178, 23.438047670477943, 30.57117410008817, 56.440513811657496, 31.13451328226074, 0.0, 0.0], "SCE": [-3.233647244640774, 13.168186498442282, -8.027785189356194, 22.502965011220866, 19.790346407050208, 36.88355584447294, 59.67810841614968, 30.35481586404785, 0.0, 0.0], "Recomb2": [10.149501425555759, -3.8440472356885778, 4.181698910985602, 20.329312362295084, 26.319647096747474, 32.350276425527625, 56.46264668519265, 31.150763892612304, 0.0, 0.0], "WireModX": [-1.9346727306332054, 7.5572970636278285, 2.62846099594654, 15.042370833974772, 32.083483003729896, 31.903750851797156, 56.0186159234739, 31.318049811801757, 0.0, 0.0], "WireModYZ": [-0.1593526775326195, 18.321590734282125, -6.631007082666741, 9.30163291893571, 25.369783662909583, 41.342715695547156, 57.99191304261453, 30.832919501743163, 0.0, 0.0], "WireModThetaXZ": [1.4696889942203102, -1.4881130926221715, -2.4017781092780695, 19.625866927724772, 16.541673921698646, 33.91844125096708, 52.529442034313746, 30.691428565463866, 0.0, 0.0], "WireModThetaYZ_withSigmaSplines": [-1.2389816219295922, 12.390598607817282, 5.017972104344977, 6.495888747793131, 24.970052980536536, 30.124167874502234, 56.41452809388406, 29.740344428500975, 0.0, 0.0]}