{"CV": [0.0, 0.0, 0.0, 0.0, 0.0, 7.899351705453415, 60.04698201234136, 29.441340827426664, 0.0, 0.0], "LYAttenuation": [0.0, 0.0, 0.0, 0.0, 0.0, 7.529659856698532, 57.84318562562261, 30.979792975864164, 0.0, 0.0], "LYRayleigh": [0.0, 0.0, 0.0, 0.0, 0.0, 7.716811765573044, 58.25357075745855, 29.209762000522367, 0.0, 0.0], "LYDown": [0.0, 0.0, 0.0, 0.0, 0.0, 7.611810315988083, 56.440513811657766, 31.13451328226065, 0.0, 0.0], "SCE": [0.0, 0.0, 0.0, 0.0, 0.0, 11.211061109445115, 59.67810841614995, 30.354815864047758, 0.0, 0.0], "Recomb2": [0.0, 0.0, 0.0, 0.0, 0.0, 8.55574380292656, 56.46264668519292, 31.15076389261221, 0.0, 0.0], "WireModX": [0.0, 0.0, 0.0, 0.0, 0.0, 7.187630285165329, 56.01861592347417, 31.318049811801664, 0.0, 0.0], "WireModYZ": [0.0, 0.0, 0.0, 0.0, 0.0, 8.256768812081834, 57.9919130426148, 30.83291950174307, 0.0, 0.0], "WireModThetaXZ": [0.0, 0.0, 0.0, 0.0, 0.0, 12.573880781075975, 52.529442034314016, 30.691428565463774, 0.0, 0.0], "WireModThetaYZ_withSigmaSplines": [0.0, 0.0, 0.0, 0.0, 0.0, 9.611940969369432, 56.41452809388433, 29.740344428500883, 0.0, 0.0]}