{"CV": [4.90795601434354, 38.46224165890089, 43.25692740622526, 40.89155375255905, 46.860148565853706, 42.691966590561606, 72.27127610918888, 32.26250881189753, 0.0, 0.0], "LYAttenuation": [13.37853706903104, 9.588706502650894, 26.23794547263151, 45.33677469982467, 49.34655298479902, 46.190616187729574, 72.15730058428653, 33.56465953821589, 0.0, 0.0], "LYRayleigh": [12.94146431512479, 23.771079549525894, 39.22665396872526, 42.17551981701217, 51.14248193987714, 41.79201084104989, 72.74061357256778, 31.83961528772761, 0.0, 0.0], "LYDown": [23.13927925653104, 64.1941752526509, 53.18887320700651, 59.90302836193405, 46.12452234515058, 46.71274906126473, 70.6928154158295, 33.627270164436595, 0.0, 0.0], "SCE": [-21.01947318487521, 131.6929545495259, 50.93911734763151, 77.60420023693405, 78.35578455218183, 74.84788089720223, 76.58323442217716, 31.797829093879955, 0.0, 0.0], "Recomb2": [12.72771919793729, -37.24674271609911, 37.30947867575651, 48.5593393970903, 73.6850234437834, 53.420116004624106, 76.63414537188419, 34.35273784632136, 0.0, 0.0], "WireModX": [56.51415718621854, -47.07486771609911, 95.41397086325651, 55.01487528576217, 87.50246729143964, 49.583324012436606, 77.17935716387638, 34.82428783411433, 0.0, 0.0], "WireModYZ": [35.89074410028104, 3.9353861901508935, 58.05636588278776, 74.74726664318405, 57.02529443987714, 56.785960731186606, 73.45630418536075, 35.00822109217097, 0.0, 0.0], "WireModThetaXZ": [44.84753120965604, -52.73917435672411, 16.00540152731901, 60.01212870373092, 61.36538233050214, 47.42409854856942, 66.81297837969669, 31.54422420496394, 0.0, 0.0], "WireModThetaYZ_withSigmaSplines": [-35.39416800909396, 37.90145064327589, 3.395049964819009, 56.27024637951217, 71.2764083314787, 43.60518222776864, 75.71823655840763, 32.451733055061595, 0.0, 0.0]}