{"true_generated": [44.32349414486949, 69.57308520691498, 112.4395459775352, 116.52582385332002, 58.63506261349079, 33.19393867589753], "true_selected": [3.375840224964562, 8.7055505736231, 16.68123323759322, 17.59033912437488, 9.102061009340439, 3.997420043451733], "reco_generated": [27.801852975100786, 32.28808092448057, 51.7295337834191, 55.04741079358729, 34.007071316097495, 38.39538140251665], "reco_selected": [3.8983348922689824, 8.76720240918461, 16.194878677978714, 17.50305736887886, 9.063012122191317, 4.025958742845418], "smearing_matrix": [[2.828482852672604, 0.5091045314135508, 0.0896090877583005, 0.1368146548202492, 0.10096457068773707, 0.23335919491653975], [0.37507834291747616, 6.748744177258969, 0.9236197886104826, 0.1746942808060069, 0.2678618551664921, 0.2772039644251841], [0.04263626920346946, 1.182118098120773, 13.267252067346057, 1.422996844470195, 0.16162068023967557, 0.11825471859852511], [0.04271724640775256, 0.1486891025878141, 1.9051539889280191, 14.58633331094755, 0.7843962452267323, 0.03576747478089617], [0.02616221752644231, 0.07595960039073948, 0.28314350114356635, 1.1557326904503695, 7.1382335157185395, 0.3837805969616585], [0.060763296236817976, 0.04093506385126271, 0.21245480380680887, 0.11376734288036726, 0.6489841423012479, 2.9490540937689618]]}