{"ppfx": [[2.0896769378317313, 3.8169638351731723, 2.8809849497594695, 1.8945833634374223, 1.3099349889210592, 0.5971685633278608], [3.8169638351731723, 8.06203447867212, 6.009809120821434, 3.515232231020411, 2.820583432380986, 1.2109615198927424], [2.8809849497594695, 6.009809120821434, 4.579525348803432, 2.703881069160196, 2.1118449603834595, 0.9200399510074151], [1.8945833634374223, 3.515232231020411, 2.703881069160196, 1.9529450915128788, 1.211017695761794, 0.5906768854431621], [1.3099349889210592, 2.820583432380986, 2.1118449603834595, 1.211017695761794, 1.0346653339875636, 0.43234387968120774], [0.5971685633278608, 1.2109615198927424, 0.9200399510074151, 0.5906768854431621, 0.43234387968120774, 0.2277095510092235]], "beamline": [[0.06162310513133551, 0.12868742842263153, 0.12947864040778426, 0.06228868659678956, 0.07223228173552311, 0.02856659870926652], [0.12868742842263153, 0.2824848516107211, 0.2884404256055718, 0.1398270816017413, 0.15547556517702218, 0.05881661549858995], [0.12947864040778426, 0.2884404256055718, 0.3499082059613644, 0.19265566412520188, 0.23714783058633646, 0.046813706275499745], [0.06228868659678956, 0.1398270816017413, 0.19265566412520188, 0.13487762713724488, 0.17833854416212144, 0.01765044953199153], [0.07223228173552311, 0.15547556517702218, 0.23714783058633646, 0.17833854416212144, 0.26964490985864076, 0.01769504658482306], [0.02856659870926652, 0.05881661549858995, 0.046813706275499745, 0.01765044953199153, 0.01769504658482306, 0.04972862456215598]], "genie_ms": [[0.9593924571862853, 0.34574147396679944, 0.2635179029669535, 0.008103949302298566, 0.16603124440289882, 0.07905532161877693], [0.34574147396679944, 0.5828174464991471, 0.48468105967477915, 0.22488244709241906, 0.21934762180952644, 0.1563572801859873], [0.2635179029669535, 0.48468105967477915, 0.7325472539264832, 0.19354571918804364, 0.21703615679730628, 0.16037766950943597], [0.008103949302298566, 0.22488244709241906, 0.19354571918804364, 0.256083789857129, 0.1505766512374194, 0.10372498926293017], [0.16603124440289882, 0.21934762180952644, 0.21703615679730628, 0.1505766512374194, 0.34002416554100123, 0.10691227386469196], [0.07905532161877693, 0.1563572801859873, 0.16037766950943597, 0.10372498926293017, 0.10691227386469196, 0.09879948839036752]], "genie_us": [[0.2928698278211993, 0.1347611709621457, -0.15695321886668542, -0.001167728820707318, 0.11875722960411311, -0.04080325110647147], [0.1347611709621457, 0.18748789893649134, 0.01788978200294317, 0.06091400609238006, 0.0822294221851026, 0.0006453618138899141], [-0.15695321886668542, 0.01788978200294317, 0.16018549608872232, 0.04754704194385052, -0.036462756258787615, 0.029747473600555657], [-0.001167728820707318, 0.06091400609238006, 0.04754704194385052, 0.032753822833632644, 0.017361213275347873, 0.005688885772062266], [0.11875722960411311, 0.0822294221851026, -0.036462756258787615, 0.017361213275347873, 0.07205216152176655, -0.018366201884915178], [-0.04080325110647147, 0.0006453618138899141, 0.029747473600555657, 0.005688885772062266, -0.018366201884915178, 0.01598673687901671]], "geant4": [[0.01573498043329848, 0.043773613575660786, 0.02178107346933522, 0.008044339262792626, -0.003362837057941111, 0.008929539085882544], [0.043773613575660786, 0.13234976126138087, 0.062006962555286205, 0.032108391149707, 0.0038570126201012, 0.027023089416837946], [0.02178107346933522, 0.062006962555286205, 0.03074000592680081, 0.011357757856719906, -0.004767674009721578, 0.012566527210068061], [0.008044339262792626, 0.032108391149707, 0.011357757856719906, 0.021030263385274642, 0.02388493710276827, 0.00726169436599249], [-0.003362837057941111, 0.0038570126201012, -0.004767674009721578, 0.02388493710276827, 0.03997327140685375, 0.001965793147572524], [0.008929539085882544, 0.027023089416837946, 0.012566527210068061, 0.00726169436599249, 0.001965793147572524, 0.005592735670289217]], "detector": [[0.720064854214385, 0, 0, 0, 0, 0], [0, 4.898294824017989, 0, 0, 0, 0], [0, 0, 3.5079838240893695, 0, 0, 0], [0, 0, 0, 1.015149390327375, 0, 0], [0, 0, 0, 0, 0.8054736104812803, 0], [0, 0, 0, 0, 0, 0.16459620297373204]], "pot_counting": [[0.019392686775993147, 0.05057951221080491, 0.04280366604724688, 0.02302592867542723, 0.020510574927718097, 0.009271757882610714], [0.05057951221080491, 0.1319201967748972, 0.11163943266407263, 0.0600556412866752, 0.053495159643964174, 0.024182362993645505], [0.04280366604724688, 0.11163943266407263, 0.09447653377005599, 0.05082298151026769, 0.045271076142471195, 0.020464685098172702], [0.023025928675427226, 0.0600556412866752, 0.05082298151026769, 0.02733986257243147, 0.024353254442405978, 0.011008832255523864], [0.020510574927718093, 0.053495159643964174, 0.045271076142471195, 0.024353254442405978, 0.021692903553019605, 0.009806226798772645], [0.009271757882610714, 0.0241823629936455, 0.0204646850981727, 0.011008832255523864, 0.009806226798772645, 0.004432882107917787]], "dirt": [[0.024125554240211945, 0.0, 0.0, 0.0, 0.0, 0.0], [0.0, 0.0, 0.0, 0.0, 0.0, 0.0], [0.0, 0.0, 0.0, 0.0, 0.0, 0.0], [0.0, 0.0, 0.0, 0.0, 0.0, 0.0], [0.0, 0.0, 0.0, 0.0, 0.0, 0.0], [0.0, 0.0, 0.0, 0.0, 0.0, 0.0]], "response_matrix": [[0.10993903031823103, 0.007332373037481439, 0.01011654369287828, 0.002426915550202858, 0.009349415867384522, 0.00410347838366075], [0.007332373037481439, 0.32873160618116737, 0.03749581767844594, 0.02507164927652553, 0.02256195775369036, 0.003221108251530689], [0.01011654369287828, 0.03749581767844594, 0.38582594783100443, 0.026716331790829325, 0.015364264468536927, 0.00874499931686455], [0.002426915550202858, 0.02507164927652553, 0.026716331790829325, 0.17568454611613454, 0.010953071615072483, -0.003283295097702002], [0.009349415867384522, 0.02256195775369036, 0.015364264468536927, 0.010953071615072483, 0.17158545281345425, 0.006704784184997772], [0.00410347838366075, 0.003221108251530689, 0.00874499931686455, -0.003283295097702002, 0.006704784184997772, 0.042956807891335554]], "stat": [[1.510709788523971, 0.0, 0.0, 0.0, 0.0, 0.0], [0.0, 1.5674555094037739, 0.0, 0.0, 0.0, 0.0], [0.0, 0.0, 0.8048984336862451, 0.0, 0.0, 0.0], [0.0, 0.0, 0.0, 0.3579583796637868, 0.0, 0.0], [0.0, 0.0, 0.0, 0.0, 0.19601232671778737, 0.0], [0.0, 0.0, 0.0, 0.0, 0.0, 0.3063678701754237]]}