{"ppfx": [[2.5225833641073523, 2.58205144745614, 3.329183789325631, 2.7209485630718757, 2.71576133732509], [2.58205144745614, 3.062242098104195, 3.945723568278101, 3.131774572536244, 2.890734596757853], [3.329183789325631, 3.945723568278101, 5.32737883101213, 4.18716623842613, 3.7237399189969076], [2.7209485630718757, 3.131774572536244, 4.18716623842613, 3.3970884917276143, 3.0461683033431552], [2.71576133732509, 2.890734596757853, 3.7237399189969076, 3.0461683033431552, 3.1428121781747125]], "beamline": [[0.10026633076900299, 0.11236314958171378, 0.16079544546310315, 0.16618613371970303, 0.13559334442287993], [0.11236314958171378, 0.13631609823574314, 0.18402036075616704, 0.18145652970881893, 0.15266549554705325], [0.16079544546310315, 0.18402036075616704, 0.2734927016120051, 0.27585096042794627, 0.2243429033117134], [0.16618613371970303, 0.18145652970881893, 0.27585096042794627, 0.3083706694041204, 0.22918027187955642], [0.13559334442287993, 0.15266549554705325, 0.2243429033117134, 0.22918027187955642, 0.19314146464414814]], "genie_ms": [[0.5856668531048697, 0.17187521070875733, 0.2874688012484152, 0.29835573304256535, 0.9137468104701713], [0.17187521070875733, 0.14982713722769386, 0.103920268088401, 0.17473928287784224, 0.32626531156129673], [0.2874688012484152, 0.103920268088401, 0.25225228784976, 0.1793311055773302, 0.556453070897351], [0.29835573304256535, 0.17473928287784224, 0.1793311055773302, 0.3159426296284078, 0.5898493098547838], [0.9137468104701713, 0.32626531156129673, 0.556453070897351, 0.5898493098547838, 2.0869765472052904]], "genie_us": [[0.02981757822388255, -0.01923971905076182, -0.03928176885334431, -0.07773399437638862, 0.011619566140772874], [-0.01923971905076182, 0.1294374313665653, 0.14625262715060666, 0.19762107879778368, -0.11091452916140386], [-0.03928176885334431, 0.14625262715060666, 0.18376302969656438, 0.26786150879144455, -0.1103740043643843], [-0.07773399437638862, 0.19762107879778368, 0.26786150879144455, 0.4253389424783773, -0.12809736899905375], [0.011619566140772874, -0.11091452916140386, -0.1103740043643843, -0.12809736899905375, 0.12795294126427678]], "geant4": [[0.009056874308241106, 0.013038290683072027, 0.03202005368196474, 0.01239580990190273, 0.009532592728092617], [0.013038290683072027, 0.02565648167314588, 0.05679350548908073, 0.026245564986212326, 0.015439768309453827], [0.03202005368196474, 0.05679350548908073, 0.13729334426370043, 0.05520289578931607, 0.03828571487534647], [0.01239580990190273, 0.026245564986212326, 0.05520289578931607, 0.027745311960022525, 0.014792547634603297], [0.009532592728092617, 0.015439768309453827, 0.03828571487534647, 0.014792547634603297, 0.011035957222831409]], "detector": [[1.211549778211496, 0, 0, 0, 0], [0, 2.204897867624079, 0, 0, 0], [0, 0, 4.04588392856093, 0, 0], [0, 0, 0, 2.306881029078081, 0], [0, 0, 0, 0, 1.2759849416947069]], "pot_counting": [[0.03262929057690723, 0.04401809455724393, 0.05962710305018271, 0.04502457261463986, 0.03348573028735641], [0.04401809455724393, 0.059382003537084664, 0.08043912122609964, 0.06073977888300652, 0.04517346273995924], [0.05962710305018271, 0.08043912122609964, 0.10896318477341861, 0.08227836963711375, 0.0611921698342998], [0.04502457261463986, 0.060739778883006516, 0.08227836963711375, 0.06212859989563179, 0.046206358404382745], [0.03348573028735641, 0.04517346273995924, 0.0611921698342998, 0.04620635840438275, 0.03436464946225811]], "dirt": [[0.024125554240211945, 0.0, 0.0, 0.0, 0.0], [0.0, 0.0, 0.0, 0.0, 0.0], [0.0, 0.0, 0.0, 0.0, 0.0], [0.0, 0.0, 0.0, 0.0, 0.0], [0.0, 0.0, 0.0, 0.0, 0.0]], "response_matrix": [[0.1601454310104993, 0.015189629447346097, 0.02131465103141544, 0.007962765022978381, 0.012698684260375976], [0.015189629447346097, 0.20163119188639025, 0.023626200289530684, 0.023212228031665998, 0.015242011097909432], [0.02131465103141544, 0.023626200289530684, 0.26531226710035033, 0.020654139164388075, 0.0333831799115078], [0.007962765022978381, 0.023212228031665998, 0.020654139164388075, 0.26568896674017034, 0.026252284355092515], [0.012698684260375976, 0.015242011097909432, 0.0333831799115078, 0.026252284355092515, 0.29663282073029956]], "stat": [[1.1711115796519775, 0.0, 0.0, 0.0, 0.0], [0.0, 0.5392058436429317, 0.0, 0.0, 0.0], [0.0, 0.0, 0.6780075287025593, 0.0, 0.0], [0.0, 0.0, 0.0, 0.8881702749478095, 0.0], [0.0, 0.0, 0.0, 0.0, 5.508488321190508]]}