{"full_flugg_evt_rate": [12.228603504340661, 18.719906400114546, 16.54625337024695, 11.668369830635715, 9.913790760822476, 5.688456886338873, 2.8573859731247184], "flugg_bkgd_rate": [3.498012656099928, 3.9482043099695407, 2.610823380868663, 2.170856047477539, 1.9471637718382446, 1.3757701924888046, 0.8732507331798846], "genie_bkgd_rate": [3.694934343400397, 3.95531709478195, 2.6492372404752556, 2.2518334777941122, 2.2123190964481765, 1.677694263982808, 1.28223755032862]}