{"fhc_generated": [65.67054221513719, 82.94903308040851, 87.56956682796704, 70.68907166157726, 65.92360208962589, 45.08964338919162, 29.759124551851244], "rhc_generated": [125.24590260396951, 147.2521348813106, 150.58095446796136, 121.68586441155776, 131.34947577016203, 107.29503360008528, 98.50622069157725], "generated": [190.9164448191067, 230.20116796171914, 238.1505212959284, 192.37493607313502, 197.27307785978792, 152.3846769892769, 128.2653452434285]}