{"ppfx": [[17369764.43444639, 15827058.03975599], [15827058.03975599, 14649233.95117903]], "beamline": [[1755152.1140569446, 1458861.1959577345], [1458861.1959577345, 1216102.7464685445]], "genie_ms": [[32852442.87253493, 27082206.28543479], [27082206.28543479, 24377203.87929758]], "genie_us": [[3606486.5609708587, 2613031.479618591], [2613031.479618591, 1917525.6362266568]], "geant4": [[109748.55214066, 104422.20512534], [104422.20512534, 139747.28130553]], "pot_counting": [[102462709.33759841, 19873861.439781856], [19873861.439781856, 3854771.858767498]], "dirt": [[559915263.3059152, 260579299.69259337], [260579299.69259337, 121271156.3306387]], "mc_stat": [[6874.340914203695, 0], [0, 5209.262513846144]], "ext_stat": [[452194.517917788, 0], [0, 55341.356828817516]], "total": [[718530636.0364954, 327538740.3382677], [327538740.3382677, 167486292.3032262]]}