{"ppfx": [[4132137.02, 395602.256, 271787.826, 205983.115, 160978.017, 145406.51, 130479.625, 114638.697, 110898.572, 2092820.58], [395602.256, 39333.3615, 26624.2612, 20333.909, 15852.2147, 14358.8372, 12850.2475, 11267.994, 10919.2373, 203593.033], [271787.826, 26624.2612, 18288.3676, 13886.0512, 10862.7706, 9815.4457, 8812.56168, 7724.19042, 7458.78532, 139871.67], [205983.115, 20333.909, 13886.0512, 10624.8295, 8290.39072, 7499.35609, 6728.65514, 5895.95943, 5693.75793, 105975.877], [160978.017, 15852.2147, 10862.7706, 8290.39072, 6494.23886, 5859.31465, 5267.39055, 4613.68316, 4448.9335, 82842.4176], [145406.51, 14358.8372, 9815.4457, 7499.35609, 5859.31465, 5311.95166, 4756.67265, 4167.50874, 4023.42479, 74938.5812], [130479.625, 12850.2475, 8812.56168, 6728.65514, 5267.39055, 4756.67265, 4290.16767, 3750.15826, 3613.57425, 67139.3285], [114638.697, 11267.994, 7724.19042, 5895.95943, 4613.68316, 4167.50874, 3750.15826, 3293.25524, 3167.92923, 58958.5482], [110898.572, 10919.2373, 7458.78532, 5693.75793, 4448.9335, 4023.42479, 3613.57425, 3167.92923, 3067.32202, 56946.2608], [2092820.58, 203593.033, 139871.67, 105975.877, 82842.4176, 74938.5812, 67139.3285, 58958.5482, 56946.2608, 1086861.98]], "beamline": [[37616.295844354194, 10068.240527513148, 7042.642288514904, 5636.073975535831, 4533.399714055618, 4041.392559833379, 3419.875226205419, 3235.166843082057, 2778.736466956049, 42799.28391992601], [10068.240527513148, 2715.354510337081, 1909.234235504681, 1532.2227427637122, 1234.0610394775624, 1104.5675441001563, 934.2994537815962, 883.6181159111252, 759.5203940248383, 11336.918892147813], [7042.642288514904, 1909.234235504681, 1350.6365741959457, 1085.9545527570176, 875.4452850185015, 786.583428745013, 664.7293141157329, 628.632193314549, 540.3356709839602, 7848.219303234842], [5636.073975535831, 1532.2227427637122, 1085.9545527570176, 875.6983523382426, 705.6266066259859, 635.410697736991, 536.4987810853592, 507.2990930109023, 435.67565655745875, 6250.8572622398015], [4533.399714055618, 1234.0610394775624, 875.4452850185015, 705.6266066259859, 570.368791397268, 513.2743024742175, 434.16980562784283, 410.6435006846423, 352.23803438739844, 5024.553198639845], [4041.392559833379, 1104.5675441001563, 786.583428745013, 635.410697736991, 513.2743024742175, 463.6951831868134, 391.4635001194689, 370.2245133303627, 317.57220006926735, 4440.928920019986], [3419.875226205419, 934.2994537815962, 664.7293141157329, 536.4987810853592, 434.16980562784283, 391.4635001194689, 331.36812509904365, 313.12079715083956, 268.47822792970516, 3765.5600126520108], [3235.166843082057, 883.6181159111252, 628.632193314549, 507.2990930109023, 410.6435006846423, 370.2245133303627, 313.12079715083956, 296.37210438653545, 254.0947484235041, 3567.4128939887814], [2778.736466956049, 759.5203940248383, 540.3356709839602, 435.67565655745875, 352.23803438739844, 317.57220006926735, 268.47822792970516, 254.0947484235041, 218.66518644809162, 3063.823396182576], [42799.28391992601, 11336.918892147813, 7848.219303234842, 6250.8572622398015, 5024.553198639845, 4440.928920019986, 3765.5600126520108, 3567.4128939887814, 3063.823396182576, 49934.219668314254]], "genie_ms": [[955151.54550808, 242565.75926107, 161618.45136127, 122149.24585712, 95517.80174041, 79252.29414777, 66488.23344497, 62420.41372104, 54171.21215663, 1116819.51725761], [242565.75926107, 65863.76773486, 45673.58468515, 35732.01130128, 28578.4042329, 24361.60905494, 20532.09660844, 18913.84143726, 16241.99969847, 290362.97329008], [161618.45136127, 45673.58468515, 32876.43833328, 26321.44989898, 21458.9948773, 18501.04386385, 15672.51519325, 14278.88241069, 12170.14896056, 199397.70491468], [122149.24585712, 35732.01130128, 26321.44989898, 21508.03684414, 17758.51634034, 15502.89916491, 13159.50386118, 11915.96210223, 10117.89712472, 155319.25371239], [95517.80174041, 28578.4042329, 21458.9948773, 17758.51634034, 14859.8649804, 13073.43823917, 11133.31675974, 10043.24614388, 8493.70471085, 124706.60463876], [79252.29414777, 24361.60905494, 18501.04386385, 15502.89916491, 13073.43823917, 11687.60234493, 9947.84001097, 8945.51162095, 7560.36224837, 106592.98408325], [66488.23344497, 20532.09660844, 15672.51519325, 13159.50386118, 11133.31675974, 9947.84001097, 8520.34085144, 7647.28827405, 6452.03862511, 90457.71889025], [62420.41372104, 18913.84143726, 14278.88241069, 11915.96210223, 10043.24614388, 8945.51162095, 7647.28827405, 6917.16324842, 5848.30070686, 84141.3644505], [54171.21215663, 16241.99969847, 12170.14896056, 10117.89712472, 8493.70471085, 7560.36224837, 6452.03862511, 5848.30070686, 4968.70427194, 73003.75922076], [1116819.51725761, 290362.97329008, 199397.70491468, 155319.25371239, 124706.60463876, 106592.98408325, 90457.71889025, 84141.3644505, 73003.75922076, 1461967.22159613]], "genie_us": [[96549.12910228617, 8914.731627965326, 4989.894320088264, 2199.302227340937, 1981.337634938191, 1551.1938711285711, 1353.9880873978123, 2084.690538776886, 2013.2896770255272, 123353.9361934934], [8914.731627965326, 2281.8816586097364, 1515.1147306313237, 1140.6530878423348, 1022.0362693923412, 788.2570183287633, 548.6276604667211, 657.0958602353234, 569.6204087485672, 14974.387081798126], [4989.894320088264, 1515.1147306313237, 1063.0057628312452, 844.8493342722012, 749.4487579333373, 588.6012220633614, 407.54730093981703, 466.16346218507385, 393.29156513122365, 8663.621811616084], [2199.302227340937, 1140.6530878423348, 844.8493342722012, 721.3380024762565, 632.7427932855882, 502.0767976377889, 339.8490383483275, 372.2729938143328, 306.2191292335817, 4800.472644747829], [1981.337634938191, 1022.0362693923412, 749.4487579333373, 632.7427932855882, 565.3955397274412, 444.53629459705286, 303.20337991237847, 334.0952898198343, 275.1936548903726, 4216.689771861843], [1551.1938711285711, 788.2570183287633, 588.6012220633614, 502.0767976377889, 444.53629459705286, 354.25203235454035, 240.62715220170995, 262.7796922596898, 215.94417837816718, 3332.322005231014], [1353.9880873978123, 548.6276604667211, 407.54730093981703, 339.8490383483275, 303.20337991237847, 240.62715220170995, 167.94073171511474, 183.03583513329292, 149.99470302570538, 2519.263119276133], [2084.690538776886, 657.0958602353234, 466.16346218507385, 372.2729938143328, 334.0952898198343, 262.7796922596898, 183.03583513329292, 207.71097726177968, 174.29412063970136, 3647.6408022303167], [2013.2896770255272, 569.6204087485672, 393.29156513122365, 306.2191292335817, 275.1936548903726, 215.94417837816718, 149.99470302570538, 174.29412063970136, 148.8424290170831, 3507.542633019618], [123353.9361934934, 14974.387081798126, 8663.621811616084, 4800.472644747829, 4216.689771861843, 3332.322005231014, 2519.263119276133, 3647.6408022303167, 3507.542633019618, 181287.3683578073]],