{"genie_evt_rate": [9.031789769600932, 12.184211457567192, 16.504786031134923, 12.46280464980012, 9.268852337568296], "nuwro_evt_rate": [7.823807880858681, 12.9158018532128, 17.338499210400354, 11.646468842651057, 4.051681752261743], "genie_nu_bkgd": [3.4587612549623525, 1.836528005186551, 2.9115964943471395, 2.974088977334854, 5.981389577442194], "nuwro_nu_bkgd": [2.781412662897085, 2.410579060492232, 3.4006355073734165, 3.7698636329442827, 3.5261770166054003], "cov": [[1.4592202435292974, -0.8837479479176721, -1.007110420958362, 0.9861188701678552, 6.302247577529128], [-0.8837479479176721, 0.5352245070008966, 0.6099365546737536, -0.5972234361318592, -3.816831892655047], [-1.007110420958362, 0.6099365546737536, 0.6950776652808718, -0.6805899211264563, -4.349623875446013], [0.9861188701678552, -0.5972234361318592, -0.6805899211264563, 0.6664041500337118, 4.2589631607905725], [6.302247577529128, -3.816831892655047, -4.349623875446013, 4.2589631607905725, 27.21886891618792]], "frac_cov": [[0.017888470361804718, -0.008030769680576609, -0.0067560580302602905, 0.008760717207538498, 0.07528278491699779], [-0.008030769680576609, 0.00360529773413013, 0.0030330344010563405, -0.003932997104136297, -0.03379711592734537], [-0.0067560580302602905, 0.0030330344010563405, 0.002551605541729485, -0.003308718556909562, -0.02843255198973471], [0.008760717207538498, -0.003932997104136297, -0.003308718556909562, 0.004290482329575665, 0.03686906571184457], [0.07528278491699779, -0.03379711592734537, -0.02843255198973471, 0.03686906571184457, 0.31682405427800764]], "cor": [[1.0, -1.0, -1.0, 1.0, 1.0], [-1.0, 1.0, 1.0, -1.0, -1.0], [-1.0, 1.0, 1.0, -1.0, -1.0], [1.0, -1.0, -1.0, 1.0, 1.0], [1.0, -1.0, -1.0, 1.0, 1.0]], "fractional_uncertainty": [0.1337477863809518, 0.06004413155446692, 0.05051341942226328, 0.06550177348420168, 0.5628712590619702]}