{"ppfx": [[293.5061604594437, 94.45477774775054, 31.18251396119741], [94.45477774775054, 31.525561667536945, 10.107238367816981], [31.18251396119741, 10.107238367816981, 3.4632223538094724]], "beamline": [[10.63490100582405, 3.306982174948839, 1.5058993743020215], [3.306982174948839, 1.38443065717795, 0.5331867725128261], [1.5058993743020215, 0.5331867725128261, 0.25046575812617494]], "genie_ms": [[39.489116257366824, 12.722609808669706, 9.217189020754745], [12.722609808669706, 6.084799328139393, 3.8999175782450854], [9.217189020754745, 3.8999175782450854, 5.659312316255545]], "genie_us": [[5.924111690003574, 2.257455066299174, 0.8179730685349842], [2.257455066299174, 1.19231720897711, 0.3681844049557981], [0.8179730685349842, 0.3681844049557981, 0.23069656070143996]], "geant4": [[1.198596704330048, 1.1147762804110335, 0.15766425858444197], [1.1147762804110335, 1.0637863708652642, 0.14667466949438565], [0.15766425858444197, 0.14667466949438565, 0.025764891004197234]], "detector": [[119.71446648114393, 0.0, 0.0], [0.0, 14.603526659984, 0.0], [0.0, 0.0, 1.104773682093284]], "pot_counting": [[4.79406370828008, 1.67440054926672, 0.46053977435592663], [1.67440054926672, 0.584810167320559, 0.1608506056790357], [0.46053977435592663, 0.1608506056790357, 0.04424156554229434]], "dirt": [[0.006031388560052986, 0.006031388560052986, 0.0], [0.006031388560052986, 0.006031388560052986, 0.0], [0.0, 0.0, 0.0]], "response_matrix": [[4.145322711758305, 0.3728779905781812, 0.10169725476048042], [0.3728779905781812, 2.4762865801606377, 0.0366533190571106], [0.10169725476048042, 0.0366533190571106, 0.3021365512753679]], "stat": [[94.38347818961066, 0.0, 0.0], [0.0, 26.831684822765755, 0.0], [0.0, 0.0, 7.298809755445601]], "total": [[573.796248596321, 115.9099110064842, 43.443476712490046], [115.9099110064842, 85.75323485148766, 15.252705717761225], [43.44347671249004, 15.252705717761224, 18.379423434253383]]}