{"ppfx": [[14.473097664613894, 17.484459534697166, 25.470449453497135, 19.653372310174518, 15.245564034133539], [17.484459534697166, 21.915717558241354, 31.605648457705204, 24.421416653116328, 18.645699670541354], [25.470449453497135, 31.605648457705204, 46.647934355563066, 35.57349126619754, 27.037513138172407], [19.653372310174518, 24.421416653116328, 35.57349126619754, 28.30798379514039, 20.535911514378704], [15.245564034133539, 18.645699670541354, 27.037513138172407, 20.535911514378704, 17.292219195531718]], "beamline": [[0.42825059304330065, 0.5106135891147002, 0.7972025490385377, 0.6949010705857829, 0.5694259358622105], [0.5106135891147002, 0.6683702966191704, 1.0382422617613456, 0.9082744531515047, 0.7504811861590726], [0.7972025490385377, 1.0382422617613456, 1.715618253062514, 1.4616401347007917, 1.16697992596255], [0.6949010705857829, 0.9082744531515047, 1.4616401347007917, 1.2980508944659368, 1.039958070101187], [0.5694259358622105, 0.7504811861590726, 1.16697992596255, 1.039958070101187, 0.9762056745852533]], "genie_ms": [[4.209896332990182, 2.7603779836923423, 3.6883357165457755, 3.969988798329704, 5.133602201922211], [2.7603779836923423, 2.86756811892901, 3.0606766409379547, 3.250834354771632, 3.243528199551981], [3.6883357165457755, 3.0606766409379547, 4.088534256166468, 4.063003477201516, 4.925589090906261], [3.969988798329704, 3.250834354771632, 4.063003477201516, 5.033404756581631, 5.597370900238453], [5.133602201922211, 3.243528199551981, 4.925589090906261, 5.597370900238453, 9.429699440972406]], "genie_us": [[1.3967512735574759, 0.9465392819759997, 2.042340562549713, 0.18181229447167796, -0.5956242100562702], [0.9465392819759997, 0.8216287186608371, 1.6285433801614417, 0.2827877366836132, -0.5341780747305225], [2.042340562549713, 1.6285433801614417, 3.343634681601225, 0.6736760822775382, -0.9873476195271775], [0.18181229447167796, 0.2827877366836132, 0.6736760822775382, 1.8133390124580266, 0.39143972390134707], [-0.5956242100562702, -0.5341780747305225, -0.9873476195271775, 0.39143972390134707, 0.602629439176522]], "geant4": [[0.10672730615615088, 0.05279392446019545, 0.04757720808203489, -0.045086641542516744, -0.08757793967545353], [0.05279392446019545, 0.6533096907283731, 0.5419772029418647, 0.30147540727003175, 0.20296822818632412], [0.04757720808203489, 0.5419772029418647, 0.4695054954953128, 0.2718802805621046, 0.2056888773222744], [-0.045086641542516744, 0.30147540727003175, 0.2718802805621046, 0.21732460023941066, 0.21747004458730876], [-0.08757793967545353, 0.20296822818632412, 0.2056888773222744, 0.21747004458730876, 0.2611781061717393]], "detector": [[5.083007175299534, 0.0, 0.0, 0.0, 0.0], [0.0, 10.421338825067377, 0.0, 0.0, 0.0], [0.0, 0.0, 21.448986499665384, 0.0, 0.0], [0.0, 0.0, 0.0, 10.961675778573523, 0.0], [0.0, 0.0, 0.0, 0.0, 5.707508603124084]], "pot_counting": [[0.20355317902927655, 0.2914602185034326, 0.41813923080868165, 0.29892070943251153, 0.21569536631624037], [0.2914602185034326, 0.4173310354335005, 0.598717996729627, 0.4280134346311052, 0.30884616441027146], [0.41813923080868165, 0.598717996729627, 0.8589422045633052, 0.6140433478413949, 0.44308172925905354], [0.29892070943251153, 0.4280134346311052, 0.6140433478413949, 0.43896927060414265, 0.31675168242537066], [0.21569536631624037, 0.30884616441027146, 0.44308172925905354, 0.31675168242537066, 0.22856184940057173]], "dirt": [[0.024125554240211945, 0.0, 0.0, 0.0, 0.0], [0.0, 0.0, 0.0, 0.0, 0.0], [0.0, 0.0, 0.0, 0.0, 0.0], [0.0, 0.0, 0.0, 0.0, 0.0], [0.0, 0.0, 0.0, 0.0, 0.0]], "response_matrix": [[0.810723829186436, 0.05784506351842542, 0.0864147765241323, 0.12863755537500146, 0.039793302430061434], [0.05784506351842542, 1.2815295037094252, 0.031626391582079735, 0.0722639552939016, 0.045613141102382404], [0.0864147765241323, 0.031626391582079735, 1.6868498101463114, 0.1682551498246488, 0.11265600461712558], [0.12863755537500146, 0.0722639552939016, 0.1682551498246488, 1.316965601822492, 0.07729639854827827], [0.039793302430061434, 0.045613141102382404, 0.11265600461712558, 0.07729639854827827, 1.2093307494891157]], "stat": [[13.175458799005593, 0.0, 0.0, 0.0, 0.0], [0.0, 24.614480631791643, 0.0, 0.0, 0.0], [0.0, 0.0, 41.53235505254491, 0.0, 0.0], [0.0, 0.0, 0.0, 39.12100980771735, 0.0], [0.0, 0.0, 0.0, 0.0, 15.920624678302062]], "total": [[39.91159170712204, 22.104089595962265, 32.550459497046, 24.882546096826673, 20.520878690932523], [22.10408959596226, 63.66127437918066, 38.50543233181955, 29.66506599491809, 22.66295851522088], [32.550459497046, 38.50543233181955, 121.79236060880854, 42.82598973860555, 32.90416114671247], [24.882546096826673, 29.66506599491809, 42.82598973860555, 88.50872351760292, 28.17619833418061], [20.520878690932523, 22.66295851522088, 32.90416114671247, 28.17619833418061, 51.62795773675349]]}