{"cv_evtrate": [53.59529191093407, 107.44345770933488, 174.67889752955557, 177.316930134133, 110.304877113299, 59.02677879632695], "cv_xsec": [1.9475377967897873, 3.660247971037605, 5.011149557356215, 5.08682884216547, 3.7577271967444403, 2.144906363767145], "covariance": [[994.3849135040168, 654.7850532365073, 594.6202443097152, 582.6707578415368, 645.6471276336888, 937.0780853246049], [654.7850532365073, 1319.915119452558, 1716.293722502734, 1737.703515940284, 1345.123756426477, 749.6235856828628], [594.6202443097152, 1716.2937225027342, 3116.533227676302, 3039.74275971071, 1802.430315021543, 711.8736291167902], [582.6707578415368, 1737.703515940284, 3039.7427597107094, 3086.5564473913882, 1791.4270811924605, 714.4182269248965], [645.6471276336888, 1345.1237564264773, 1802.430315021543, 1791.4270811924607, 1390.0265991771687, 737.2896385015201], [937.0780853246049, 749.6235856828628, 711.8736291167905, 714.4182269248968, 737.2896385015201, 909.668286199043]], "uncertainty": [1.1458730845972693, 1.2376662072348112, 1.6015215760584713, 1.5938007434275827, 1.2701121978154937, 1.0959753392854288], "fractional_uncertainty": [0.5883701392014381, 0.3381372565542215, 0.3195916541160673, 0.3133191213780056, 0.33800010786197393, 0.5109665194710615]}